timestamp_sent,command_sent,ACT,ACTION,AMR_DOCK,AMR_Footprint,AMR_PosTarget,CAMERA,ITM_ID,JIG_ID,OBJ_Nbr,OBJ_Type,STATION,taskName,task_data,task_output_position,task_output_results,task_outputs,result,task_id,receiver,dispatch_path,message,state_path,state_timeline,timestamp_returned
2026-03-09T17:11:13.737+01:00,Navigate,,,1,1,2,,,,,,,Navigate,"{""id"": ""b03b0d5c-29f4-4ac2-acf9-34c56cfcc9ce"", ""status"": ""COMPLETE"", ""error"": ""null"", ""outputs"": {""Position"": ""0"", ""Results"": ""NavigationComplete""}}",0,NavigationComplete,"{""Position"": ""0"", ""Results"": ""NavigationComplete""}",succeeded,b03b0d5c-29f4-4ac2-acf9-34c56cfcc9ce,AMR,uGO_CONTROLLER > UR5E_POLYSCOPE > AMR,,PENDING > EXECUTE > COMPLETE,2026-03-09T17:11:13.747+01:00:PENDING | 2026-03-09T17:11:14.755+01:00:EXECUTE | 2026-03-09T17:11:16.767+01:00:COMPLETE,2026-03-09T17:11:16.767+01:00
2026-03-09T17:11:16.869+01:00,SingleDeviceAction,30,,,,,,2,,,,,SingleDeviceAction,"{""id"": ""b65fdfa3-c82b-42f1-852f-7247d5a61d92"", ""status"": ""COMPLETE"", ""error"": ""null"", ""outputs"": {""Position"": ""0"", ""Results"": ""p[0, 0, 0, 0, 0, 0]""}}",0,"p[0, 0, 0, 0, 0, 0]","{""Position"": ""0"", ""Results"": ""p[0, 0, 0, 0, 0, 0]""}",succeeded,b65fdfa3-c82b-42f1-852f-7247d5a61d92,ARM,uGO_CONTROLLER > UR5E_POLYSCOPE > ARM,,PENDING > EXECUTE > COMPLETE,2026-03-09T17:11:16.883+01:00:PENDING | 2026-03-09T17:11:17.887+01:00:EXECUTE | 2026-03-09T17:11:19.901+01:00:COMPLETE,2026-03-09T17:11:19.901+01:00
2026-03-09T17:11:20.004+01:00,SingleTask,,1,,,,,2,1,1,9001,,SingleTask,"{""id"": ""f225aa36-9d6a-4c26-95ad-f04a115437b2"", ""status"": ""COMPLETE"", ""error"": ""null"", ""outputs"": {""Position"": ""0"", ""Results"": """"}}",0,,"{""Position"": ""0"", ""Results"": """"}",succeeded,f225aa36-9d6a-4c26-95ad-f04a115437b2,ARM,uGO_CONTROLLER > UR5E_POLYSCOPE > ARM,,PENDING > EXECUTE > COMPLETE,2026-03-09T17:11:20.011+01:00:PENDING | 2026-03-09T17:11:21.020+01:00:EXECUTE | 2026-03-09T17:11:22.029+01:00:COMPLETE,2026-03-09T17:11:22.029+01:00
2026-03-09T17:11:22.031+01:00,SingleTask,,2,,,,,1,1,1,9001,,SingleTask,"{""id"": ""36f30f43-e932-42d2-a324-b53b3c4c2f48"", ""status"": ""COMPLETE"", ""error"": ""null"", ""outputs"": {""Position"": ""0"", ""Results"": """"}}",0,,"{""Position"": ""0"", ""Results"": """"}",succeeded,36f30f43-e932-42d2-a324-b53b3c4c2f48,ARM,uGO_CONTROLLER > UR5E_POLYSCOPE > ARM,,PENDING > EXECUTE > COMPLETE,2026-03-09T17:11:22.043+01:00:PENDING | 2026-03-09T17:11:23.048+01:00:EXECUTE | 2026-03-09T17:11:24.054+01:00:COMPLETE,2026-03-09T17:11:24.054+01:00
2026-03-09T17:11:24.167+01:00,Charge,,,,,,,,,,,,Charge,"{""id"": ""5876f598-18b6-4ebc-81ae-809799cc84a0"", ""status"": ""COMPLETE"", ""error"": ""null"", ""outputs"": {""Position"": ""0"", ""Results"": ""NavigationComplete""}}",0,NavigationComplete,"{""Position"": ""0"", ""Results"": ""NavigationComplete""}",succeeded,5876f598-18b6-4ebc-81ae-809799cc84a0,AMR,uGO_CONTROLLER > UR5E_POLYSCOPE > AMR,,PENDING > EXECUTE > COMPLETE,2026-03-09T17:11:24.176+01:00:PENDING | 2026-03-09T17:11:25.182+01:00:EXECUTE | 2026-03-09T17:11:26.189+01:00:COMPLETE,2026-03-09T17:11:26.189+01:00
2026-03-09T17:11:26.292+01:00,InspectRackAtStation,,,,,,WRIST,,1,,,uLMPlateStation,CameraInspect,"{""id"": ""7d43987c-15b5-4a91-8a11-19e0d4077d8c"", ""status"": ""COMPLETE"", ""error"": ""null"", ""outputs"": {""Position"": ""0"", ""Results"": ""[4,5,14,22,30,31]""}}",0,"[4,5,14,22,30,31]","{""Position"": ""0"", ""Results"": ""[4,5,14,22,30,31]""}",succeeded,7d43987c-15b5-4a91-8a11-19e0d4077d8c,WRIST_CAMERA,uGO_CONTROLLER > UR5E_POLYSCOPE > WRIST_CAMERA,,EXECUTE > COMPLETE,2026-03-09T17:11:27.319+01:00:EXECUTE | 2026-03-09T17:11:28.326+01:00:COMPLETE,2026-03-09T17:11:28.326+01:00
2026-03-09T17:11:28.465+01:00,SingleTask,,1,,,,,1,1,4,101,,SingleTask,"{""id"": ""f00319c0-4d31-416a-94ad-87c212e409b4"", ""status"": ""COMPLETE"", ""error"": ""null"", ""outputs"": {""Position"": ""0"", ""Results"": """"}}",0,,"{""Position"": ""0"", ""Results"": """"}",succeeded,f00319c0-4d31-416a-94ad-87c212e409b4,ARM,uGO_CONTROLLER > UR5E_POLYSCOPE > ARM,,PENDING > EXECUTE > COMPLETE,2026-03-09T17:11:28.475+01:00:PENDING | 2026-03-09T17:11:29.482+01:00:EXECUTE | 2026-03-09T17:11:31.498+01:00:COMPLETE,2026-03-09T17:11:31.498+01:00
2026-03-09T17:11:31.500+01:00,SingleTask,,2,,,,,1,10,1,101,,SingleTask,"{""id"": ""87c4bf33-7ec9-4a96-9d87-85c79167203c"", ""status"": ""COMPLETE"", ""error"": ""null"", ""outputs"": {""Position"": ""0"", ""Results"": """"}}",0,,"{""Position"": ""0"", ""Results"": """"}",succeeded,87c4bf33-7ec9-4a96-9d87-85c79167203c,ARM,uGO_CONTROLLER > UR5E_POLYSCOPE > ARM,,PENDING > EXECUTE > COMPLETE,2026-03-09T17:11:31.508+01:00:PENDING | 2026-03-09T17:11:32.514+01:00:EXECUTE | 2026-03-09T17:11:33.520+01:00:COMPLETE,2026-03-09T17:11:33.520+01:00
2026-03-09T17:11:33.528+01:00,ProcessAt3FingerStation,,3,,,,,1,10,,,,ProcessAt3FingerStation,"{""id"": ""cb278e44-e8ac-4e81-97bf-2791dff6a674"", ""status"": ""COMPLETE"", ""error"": ""null"", ""outputs"": {""Position"": ""0"", ""Results"": ""03""}}",0,03,"{""Position"": ""0"", ""Results"": ""03""}",succeeded,cb278e44-e8ac-4e81-97bf-2791dff6a674,UNKNOWN,uGO_CONTROLLER > UR5E_POLYSCOPE > UNKNOWN,,PENDING > EXECUTE > COMPLETE,2026-03-09T17:11:33.544+01:00:PENDING | 2026-03-09T17:11:34.551+01:00:EXECUTE | 2026-03-09T17:11:35.556+01:00:COMPLETE,2026-03-09T17:11:35.556+01:00
2026-03-09T17:11:35.559+01:00,SingleTask,,1,,,,,1,10,1,101,,SingleTask,"{""id"": ""e9cdd712-625c-4afe-88b0-3f6333180501"", ""status"": ""COMPLETE"", ""error"": ""null"", ""outputs"": {""Position"": ""0"", ""Results"": """"}}",0,,"{""Position"": ""0"", ""Results"": """"}",succeeded,e9cdd712-625c-4afe-88b0-3f6333180501,ARM,uGO_CONTROLLER > UR5E_POLYSCOPE > ARM,,PENDING > EXECUTE > COMPLETE,2026-03-09T17:11:35.567+01:00:PENDING | 2026-03-09T17:11:36.571+01:00:EXECUTE | 2026-03-09T17:11:38.583+01:00:COMPLETE,2026-03-09T17:11:38.583+01:00
2026-03-09T17:11:38.584+01:00,SingleTask,,2,,,,,1,4,1,101,,SingleTask,"{""id"": ""fbfb2db6-0c73-496f-89e6-246d3fdb5a86"", ""status"": ""COMPLETE"", ""error"": ""null"", ""outputs"": {""Position"": ""0"", ""Results"": """"}}",0,,"{""Position"": ""0"", ""Results"": """"}",succeeded,fbfb2db6-0c73-496f-89e6-246d3fdb5a86,ARM,uGO_CONTROLLER > UR5E_POLYSCOPE > ARM,,PENDING > EXECUTE > COMPLETE,2026-03-09T17:11:38.592+01:00:PENDING | 2026-03-09T17:11:39.598+01:00:EXECUTE | 2026-03-09T17:11:40.606+01:00:COMPLETE,2026-03-09T17:11:40.606+01:00
2026-03-09T17:11:40.615+01:00,SingleTask,,1,,,,,1,1,5,101,,SingleTask,"{""id"": ""4802b94e-9bd9-4c2b-8c18-4ddd865a11bb"", ""status"": ""COMPLETE"", ""error"": ""null"", ""outputs"": {""Position"": ""0"", ""Results"": """"}}",0,,"{""Position"": ""0"", ""Results"": """"}",succeeded,4802b94e-9bd9-4c2b-8c18-4ddd865a11bb,ARM,uGO_CONTROLLER > UR5E_POLYSCOPE > ARM,,PENDING > EXECUTE > COMPLETE,2026-03-09T17:11:40.625+01:00:PENDING | 2026-03-09T17:11:41.631+01:00:EXECUTE | 2026-03-09T17:11:42.636+01:00:COMPLETE,2026-03-09T17:11:42.636+01:00
2026-03-09T17:11:42.638+01:00,SingleTask,,2,,,,,1,10,1,101,,SingleTask,"{""id"": ""a8f641eb-94d5-42ab-8e65-a7407f82359b"", ""status"": ""COMPLETE"", ""error"": ""null"", ""outputs"": {""Position"": ""0"", ""Results"": """"}}",0,,"{""Position"": ""0"", ""Results"": """"}",succeeded,a8f641eb-94d5-42ab-8e65-a7407f82359b,ARM,uGO_CONTROLLER > UR5E_POLYSCOPE > ARM,,PENDING > EXECUTE > COMPLETE,2026-03-09T17:11:42.650+01:00:PENDING | 2026-03-09T17:11:43.656+01:00:EXECUTE | 2026-03-09T17:11:45.667+01:00:COMPLETE,2026-03-09T17:11:45.667+01:00
2026-03-09T17:11:45.673+01:00,ProcessAt3FingerStation,,3,,,,,1,10,,,,ProcessAt3FingerStation,"{""id"": ""f3d3df32-67c9-4aba-8029-a513d1871a03"", ""status"": ""COMPLETE"", ""error"": ""null"", ""outputs"": {""Position"": ""0"", ""Results"": ""NONE""}}",0,NONE,"{""Position"": ""0"", ""Results"": ""NONE""}",succeeded,f3d3df32-67c9-4aba-8029-a513d1871a03,UNKNOWN,uGO_CONTROLLER > UR5E_POLYSCOPE > UNKNOWN,,PENDING > EXECUTE > COMPLETE,2026-03-09T17:11:45.680+01:00:PENDING | 2026-03-09T17:11:46.689+01:00:EXECUTE | 2026-03-09T17:11:47.695+01:00:COMPLETE,2026-03-09T17:11:47.695+01:00
2026-03-09T17:11:47.697+01:00,SingleTask,,1,,,,,1,10,1,101,,SingleTask,"{""id"": ""17f8914d-266b-4a6f-b47b-1b14690475bc"", ""status"": ""COMPLETE"", ""error"": ""null"", ""outputs"": {""Position"": ""0"", ""Results"": """"}}",0,,"{""Position"": ""0"", ""Results"": """"}",succeeded,17f8914d-266b-4a6f-b47b-1b14690475bc,ARM,uGO_CONTROLLER > UR5E_POLYSCOPE > ARM,,PENDING > EXECUTE > COMPLETE,2026-03-09T17:11:47.712+01:00:PENDING | 2026-03-09T17:11:48.718+01:00:EXECUTE | 2026-03-09T17:11:50.735+01:00:COMPLETE,2026-03-09T17:11:50.735+01:00
2026-03-09T17:11:50.736+01:00,SingleTask,,2,,,,,1,4,2,101,,SingleTask,"{""id"": ""f1a19da9-ae89-4e7b-8c59-be02a4dea72c"", ""status"": ""COMPLETE"", ""error"": ""null"", ""outputs"": {""Position"": ""0"", ""Results"": """"}}",0,,"{""Position"": ""0"", ""Results"": """"}",succeeded,f1a19da9-ae89-4e7b-8c59-be02a4dea72c,ARM,uGO_CONTROLLER > UR5E_POLYSCOPE > ARM,,PENDING > EXECUTE > COMPLETE,2026-03-09T17:11:50.745+01:00:PENDING | 2026-03-09T17:11:51.750+01:00:EXECUTE | 2026-03-09T17:11:52.756+01:00:COMPLETE,2026-03-09T17:11:52.756+01:00
2026-03-09T17:11:52.766+01:00,SingleTask,,1,,,,,1,1,14,101,,SingleTask,"{""id"": ""9e516e61-ac0d-4097-ad63-6536e1c1dbdf"", ""status"": ""COMPLETE"", ""error"": ""null"", ""outputs"": {""Position"": ""0"", ""Results"": """"}}",0,,"{""Position"": ""0"", ""Results"": """"}",succeeded,9e516e61-ac0d-4097-ad63-6536e1c1dbdf,ARM,uGO_CONTROLLER > UR5E_POLYSCOPE > ARM,,PENDING > EXECUTE > COMPLETE,2026-03-09T17:11:52.775+01:00:PENDING | 2026-03-09T17:11:53.782+01:00:EXECUTE | 2026-03-09T17:11:54.787+01:00:COMPLETE,2026-03-09T17:11:54.787+01:00
2026-03-09T17:11:54.789+01:00,SingleTask,,2,,,,,1,10,1,101,,SingleTask,"{""id"": ""55afba77-cff9-4d11-94b0-3d79d3683a3b"", ""status"": ""COMPLETE"", ""error"": ""null"", ""outputs"": {""Position"": ""0"", ""Results"": """"}}",0,,"{""Position"": ""0"", ""Results"": """"}",succeeded,55afba77-cff9-4d11-94b0-3d79d3683a3b,ARM,uGO_CONTROLLER > UR5E_POLYSCOPE > ARM,,PENDING > EXECUTE > COMPLETE,2026-03-09T17:11:54.799+01:00:PENDING | 2026-03-09T17:11:55.808+01:00:EXECUTE | 2026-03-09T17:11:57.818+01:00:COMPLETE,2026-03-09T17:11:57.818+01:00
2026-03-09T17:11:57.825+01:00,ProcessAt3FingerStation,,3,,,,,1,10,,,,ProcessAt3FingerStation,"{""id"": ""c40f9f78-2ea9-4b20-b1e5-abf93d9f4041"", ""status"": ""COMPLETE"", ""error"": ""null"", ""outputs"": {""Position"": ""0"", ""Results"": ""02""}}",0,02,"{""Position"": ""0"", ""Results"": ""02""}",succeeded,c40f9f78-2ea9-4b20-b1e5-abf93d9f4041,UNKNOWN,uGO_CONTROLLER > UR5E_POLYSCOPE > UNKNOWN,,PENDING > EXECUTE > COMPLETE,2026-03-09T17:11:57.832+01:00:PENDING | 2026-03-09T17:11:58.837+01:00:EXECUTE | 2026-03-09T17:12:00.851+01:00:COMPLETE,2026-03-09T17:12:00.851+01:00
2026-03-09T17:12:00.853+01:00,SingleTask,,1,,,,,1,10,1,101,,SingleTask,"{""id"": ""20c29500-3d3d-4a27-8c80-3490545921cc"", ""status"": ""COMPLETE"", ""error"": ""null"", ""outputs"": {""Position"": ""0"", ""Results"": """"}}",0,,"{""Position"": ""0"", ""Results"": """"}",succeeded,20c29500-3d3d-4a27-8c80-3490545921cc,ARM,uGO_CONTROLLER > UR5E_POLYSCOPE > ARM,,PENDING > EXECUTE > COMPLETE,2026-03-09T17:12:00.862+01:00:PENDING | 2026-03-09T17:12:01.867+01:00:EXECUTE | 2026-03-09T17:12:02.875+01:00:COMPLETE,2026-03-09T17:12:02.875+01:00
2026-03-09T17:12:02.878+01:00,SingleTask,,2,,,,,1,2,1,101,,SingleTask,"{""id"": ""d9aaff83-0551-442c-881a-8d3d1634a866"", ""status"": ""COMPLETE"", ""error"": ""null"", ""outputs"": {""Position"": ""0"", ""Results"": """"}}",0,,"{""Position"": ""0"", ""Results"": """"}",succeeded,d9aaff83-0551-442c-881a-8d3d1634a866,ARM,uGO_CONTROLLER > UR5E_POLYSCOPE > ARM,,PENDING > EXECUTE > COMPLETE,2026-03-09T17:12:02.888+01:00:PENDING | 2026-03-09T17:12:03.894+01:00:EXECUTE | 2026-03-09T17:12:05.905+01:00:COMPLETE,2026-03-09T17:12:05.905+01:00
2026-03-09T17:12:05.916+01:00,SingleTask,,1,,,,,1,1,22,101,,SingleTask,"{""id"": ""0a38e3c8-7efa-49ab-af72-659bbbb26364"", ""status"": ""COMPLETE"", ""error"": ""null"", ""outputs"": {""Position"": ""0"", ""Results"": """"}}",0,,"{""Position"": ""0"", ""Results"": """"}",succeeded,0a38e3c8-7efa-49ab-af72-659bbbb26364,ARM,uGO_CONTROLLER > UR5E_POLYSCOPE > ARM,,PENDING > EXECUTE > COMPLETE,2026-03-09T17:12:05.926+01:00:PENDING | 2026-03-09T17:12:06.933+01:00:EXECUTE | 2026-03-09T17:12:08.944+01:00:COMPLETE,2026-03-09T17:12:08.944+01:00
2026-03-09T17:12:08.946+01:00,SingleTask,,2,,,,,1,10,1,101,,SingleTask,"{""id"": ""59a61980-70d0-419d-a79f-23f85ded2c11"", ""status"": ""COMPLETE"", ""error"": ""null"", ""outputs"": {""Position"": ""0"", ""Results"": """"}}",0,,"{""Position"": ""0"", ""Results"": """"}",succeeded,59a61980-70d0-419d-a79f-23f85ded2c11,ARM,uGO_CONTROLLER > UR5E_POLYSCOPE > ARM,,PENDING > EXECUTE > COMPLETE,2026-03-09T17:12:08.953+01:00:PENDING | 2026-03-09T17:12:09.961+01:00:EXECUTE | 2026-03-09T17:12:11.973+01:00:COMPLETE,2026-03-09T17:12:11.973+01:00
2026-03-09T17:12:11.979+01:00,ProcessAt3FingerStation,,3,,,,,1,10,,,,ProcessAt3FingerStation,"{""id"": ""039073f8-01bd-4394-8f03-2b8234acf8e3"", ""status"": ""COMPLETE"", ""error"": ""null"", ""outputs"": {""Position"": ""0"", ""Results"": ""01""}}",0,01,"{""Position"": ""0"", ""Results"": ""01""}",succeeded,039073f8-01bd-4394-8f03-2b8234acf8e3,UNKNOWN,uGO_CONTROLLER > UR5E_POLYSCOPE > UNKNOWN,,PENDING > EXECUTE > COMPLETE,2026-03-09T17:12:11.987+01:00:PENDING | 2026-03-09T17:12:12.994+01:00:EXECUTE | 2026-03-09T17:12:15.007+01:00:COMPLETE,2026-03-09T17:12:15.007+01:00
2026-03-09T17:12:15.010+01:00,SingleTask,,1,,,,,1,10,1,101,,SingleTask,"{""id"": ""a592ef84-5130-4bfb-a154-e5b477dc1cb6"", ""status"": ""COMPLETE"", ""error"": ""null"", ""outputs"": {""Position"": ""0"", ""Results"": """"}}",0,,"{""Position"": ""0"", ""Results"": """"}",succeeded,a592ef84-5130-4bfb-a154-e5b477dc1cb6,ARM,uGO_CONTROLLER > UR5E_POLYSCOPE > ARM,,PENDING > EXECUTE > COMPLETE,2026-03-09T17:12:15.017+01:00:PENDING | 2026-03-09T17:12:16.024+01:00:EXECUTE | 2026-03-09T17:12:17.030+01:00:COMPLETE,2026-03-09T17:12:17.030+01:00
2026-03-09T17:12:17.032+01:00,SingleTask,,2,,,,,1,4,3,101,,SingleTask,"{""id"": ""24debe0d-b99f-4604-b21d-6a52c47bc2be"", ""status"": ""COMPLETE"", ""error"": ""null"", ""outputs"": {""Position"": ""0"", ""Results"": """"}}",0,,"{""Position"": ""0"", ""Results"": """"}",succeeded,24debe0d-b99f-4604-b21d-6a52c47bc2be,ARM,uGO_CONTROLLER > UR5E_POLYSCOPE > ARM,,PENDING > EXECUTE > COMPLETE,2026-03-09T17:12:17.041+01:00:PENDING | 2026-03-09T17:12:18.046+01:00:EXECUTE | 2026-03-09T17:12:20.059+01:00:COMPLETE,2026-03-09T17:12:20.059+01:00
2026-03-09T17:12:20.068+01:00,SingleTask,,1,,,,,1,1,30,101,,SingleTask,"{""id"": ""0f75fab9-28fd-4d1a-bbcd-a078261af158"", ""status"": ""COMPLETE"", ""error"": ""null"", ""outputs"": {""Position"": ""0"", ""Results"": """"}}",0,,"{""Position"": ""0"", ""Results"": """"}",succeeded,0f75fab9-28fd-4d1a-bbcd-a078261af158,ARM,uGO_CONTROLLER > UR5E_POLYSCOPE > ARM,,PENDING > EXECUTE > COMPLETE,2026-03-09T17:12:20.077+01:00:PENDING | 2026-03-09T17:12:21.085+01:00:EXECUTE | 2026-03-09T17:12:23.100+01:00:COMPLETE,2026-03-09T17:12:23.100+01:00
2026-03-09T17:12:23.102+01:00,SingleTask,,2,,,,,1,10,1,101,,SingleTask,"{""id"": ""6f24e367-c19b-4458-993e-f8f0818574b2"", ""status"": ""COMPLETE"", ""error"": ""null"", ""outputs"": {""Position"": ""0"", ""Results"": """"}}",0,,"{""Position"": ""0"", ""Results"": """"}",succeeded,6f24e367-c19b-4458-993e-f8f0818574b2,ARM,uGO_CONTROLLER > UR5E_POLYSCOPE > ARM,,PENDING > EXECUTE > COMPLETE,2026-03-09T17:12:23.112+01:00:PENDING | 2026-03-09T17:12:24.118+01:00:EXECUTE | 2026-03-09T17:12:26.131+01:00:COMPLETE,2026-03-09T17:12:26.131+01:00
2026-03-09T17:12:26.137+01:00,ProcessAt3FingerStation,,3,,,,,1,10,,,,ProcessAt3FingerStation,"{""id"": ""b0990d29-0bff-490a-b175-20a7c506b158"", ""status"": ""COMPLETE"", ""error"": ""null"", ""outputs"": {""Position"": ""0"", ""Results"": ""02""}}",0,02,"{""Position"": ""0"", ""Results"": ""02""}",succeeded,b0990d29-0bff-490a-b175-20a7c506b158,UNKNOWN,uGO_CONTROLLER > UR5E_POLYSCOPE > UNKNOWN,,PENDING > EXECUTE > COMPLETE,2026-03-09T17:12:26.146+01:00:PENDING | 2026-03-09T17:12:27.151+01:00:EXECUTE | 2026-03-09T17:12:29.166+01:00:COMPLETE,2026-03-09T17:12:29.166+01:00
2026-03-09T17:12:29.168+01:00,SingleTask,,1,,,,,1,10,1,101,,SingleTask,"{""id"": ""89d73d6f-2dc8-4a40-a353-0844851118d5"", ""status"": ""COMPLETE"", ""error"": ""null"", ""outputs"": {""Position"": ""0"", ""Results"": """"}}",0,,"{""Position"": ""0"", ""Results"": """"}",succeeded,89d73d6f-2dc8-4a40-a353-0844851118d5,ARM,uGO_CONTROLLER > UR5E_POLYSCOPE > ARM,,PENDING > EXECUTE > COMPLETE,2026-03-09T17:12:29.178+01:00:PENDING | 2026-03-09T17:12:30.184+01:00:EXECUTE | 2026-03-09T17:12:32.199+01:00:COMPLETE,2026-03-09T17:12:32.199+01:00
2026-03-09T17:12:32.201+01:00,SingleTask,,2,,,,,1,2,10,101,,SingleTask,"{""id"": ""e8d6b2b5-d4f5-4efc-9545-b49005fc1939"", ""status"": ""COMPLETE"", ""error"": ""null"", ""outputs"": {""Position"": ""0"", ""Results"": """"}}",0,,"{""Position"": ""0"", ""Results"": """"}",succeeded,e8d6b2b5-d4f5-4efc-9545-b49005fc1939,ARM,uGO_CONTROLLER > UR5E_POLYSCOPE > ARM,,PENDING > EXECUTE > COMPLETE,2026-03-09T17:12:32.211+01:00:PENDING | 2026-03-09T17:12:33.218+01:00:EXECUTE | 2026-03-09T17:12:34.224+01:00:COMPLETE,2026-03-09T17:12:34.224+01:00
2026-03-09T17:12:34.242+01:00,SingleTask,,1,,,,,1,1,31,101,,SingleTask,"{""id"": ""6410ab9e-6346-4ee0-a635-b8d29c85a22a"", ""status"": ""COMPLETE"", ""error"": ""null"", ""outputs"": {""Position"": ""0"", ""Results"": """"}}",0,,"{""Position"": ""0"", ""Results"": """"}",succeeded,6410ab9e-6346-4ee0-a635-b8d29c85a22a,ARM,uGO_CONTROLLER > UR5E_POLYSCOPE > ARM,,PENDING > EXECUTE > COMPLETE,2026-03-09T17:12:34.257+01:00:PENDING | 2026-03-09T17:12:35.263+01:00:EXECUTE | 2026-03-09T17:12:36.273+01:00:COMPLETE,2026-03-09T17:12:36.274+01:00
2026-03-09T17:12:36.276+01:00,SingleTask,,2,,,,,1,10,1,101,,SingleTask,"{""id"": ""eaf99607-e5f9-4156-913b-d20176b975a1"", ""status"": ""COMPLETE"", ""error"": ""null"", ""outputs"": {""Position"": ""0"", ""Results"": """"}}",0,,"{""Position"": ""0"", ""Results"": """"}",succeeded,eaf99607-e5f9-4156-913b-d20176b975a1,ARM,uGO_CONTROLLER > UR5E_POLYSCOPE > ARM,,PENDING > EXECUTE > COMPLETE,2026-03-09T17:12:36.283+01:00:PENDING | 2026-03-09T17:12:37.291+01:00:EXECUTE | 2026-03-09T17:12:39.302+01:00:COMPLETE,2026-03-09T17:12:39.302+01:00
2026-03-09T17:12:39.308+01:00,ProcessAt3FingerStation,,3,,,,,1,10,,,,ProcessAt3FingerStation,"{""id"": ""cbc178f0-1a6f-4d7b-9b21-47d61466db90"", ""status"": ""COMPLETE"", ""error"": ""null"", ""outputs"": {""Position"": ""0"", ""Results"": ""03""}}",0,03,"{""Position"": ""0"", ""Results"": ""03""}",succeeded,cbc178f0-1a6f-4d7b-9b21-47d61466db90,UNKNOWN,uGO_CONTROLLER > UR5E_POLYSCOPE > UNKNOWN,,PENDING > EXECUTE > COMPLETE,2026-03-09T17:12:39.317+01:00:PENDING | 2026-03-09T17:12:40.322+01:00:EXECUTE | 2026-03-09T17:12:41.328+01:00:COMPLETE,2026-03-09T17:12:41.328+01:00
2026-03-09T17:12:41.331+01:00,SingleTask,,1,,,,,1,10,1,101,,SingleTask,"{""id"": ""fa28e673-cdf2-48ea-b197-588927e0249f"", ""status"": ""COMPLETE"", ""error"": ""null"", ""outputs"": {""Position"": ""0"", ""Results"": """"}}",0,,"{""Position"": ""0"", ""Results"": """"}",succeeded,fa28e673-cdf2-48ea-b197-588927e0249f,ARM,uGO_CONTROLLER > UR5E_POLYSCOPE > ARM,,PENDING > EXECUTE > COMPLETE,2026-03-09T17:12:41.341+01:00:PENDING | 2026-03-09T17:12:42.346+01:00:EXECUTE | 2026-03-09T17:12:43.353+01:00:COMPLETE,2026-03-09T17:12:43.353+01:00
2026-03-09T17:12:43.356+01:00,SingleTask,,2,,,,,1,4,4,101,,SingleTask,"{""id"": ""33bca4bd-46b6-4e36-b150-2759be306649"", ""status"": ""COMPLETE"", ""error"": ""null"", ""outputs"": {""Position"": ""0"", ""Results"": """"}}",0,,"{""Position"": ""0"", ""Results"": """"}",succeeded,33bca4bd-46b6-4e36-b150-2759be306649,ARM,uGO_CONTROLLER > UR5E_POLYSCOPE > ARM,,PENDING > EXECUTE > COMPLETE,2026-03-09T17:12:43.364+01:00:PENDING | 2026-03-09T17:12:44.371+01:00:EXECUTE | 2026-03-09T17:12:46.383+01:00:COMPLETE,2026-03-09T17:12:46.383+01:00
2026-03-09T17:17:04.986+01:00,SingleDeviceAction,30,,,,,,5,,,,,SingleDeviceAction,"{""id"": ""7166bebb-6cb3-426f-944e-8211e42eac33"", ""status"": ""COMPLETE"", ""error"": ""null"", ""outputs"": {""Position"": ""0"", ""Results"": ""p[0, 0, 0, 0, 0, 0]""}}",0,"p[0, 0, 0, 0, 0, 0]","{""Position"": ""0"", ""Results"": ""p[0, 0, 0, 0, 0, 0]""}",succeeded,7166bebb-6cb3-426f-944e-8211e42eac33,ARM,uGO_CONTROLLER > UR5E_POLYSCOPE > ARM,,PENDING > EXECUTE > COMPLETE,2026-03-09T17:17:04.995+01:00:PENDING | 2026-03-09T17:17:06.002+01:00:EXECUTE | 2026-03-09T17:17:07.021+01:00:COMPLETE,2026-03-09T17:17:07.021+01:00
2026-03-09T17:17:07.024+01:00,SingleTask,,1,,,,,1,3,1,101,,SingleTask,"{""id"": ""ba56b64b-5285-4154-b941-3ca409fc16f3"", ""status"": ""COMPLETE"", ""error"": ""null"", ""outputs"": {""Position"": ""0"", ""Results"": """"}}",0,,"{""Position"": ""0"", ""Results"": """"}",succeeded,ba56b64b-5285-4154-b941-3ca409fc16f3,ARM,uGO_CONTROLLER > UR5E_POLYSCOPE > ARM,,PENDING > EXECUTE > COMPLETE,2026-03-09T17:17:07.034+01:00:PENDING | 2026-03-09T17:17:08.039+01:00:EXECUTE | 2026-03-09T17:17:10.055+01:00:COMPLETE,2026-03-09T17:17:10.055+01:00
2026-03-09T17:17:10.057+01:00,SingleTask,,2,,,,,1,2,19,101,,SingleTask,"{""id"": ""2fb58f8e-6a05-45bd-a528-73bfb952f64c"", ""status"": ""COMPLETE"", ""error"": ""null"", ""outputs"": {""Position"": ""0"", ""Results"": """"}}",0,,"{""Position"": ""0"", ""Results"": """"}",succeeded,2fb58f8e-6a05-45bd-a528-73bfb952f64c,ARM,uGO_CONTROLLER > UR5E_POLYSCOPE > ARM,,PENDING > EXECUTE > COMPLETE,2026-03-09T17:17:10.066+01:00:PENDING | 2026-03-09T17:17:11.073+01:00:EXECUTE | 2026-03-09T17:17:13.085+01:00:COMPLETE,2026-03-09T17:17:13.085+01:00
2026-03-09T17:17:13.092+01:00,SingleTask,,1,,,,,1,3,2,101,,SingleTask,"{""id"": ""a2f8e26f-4bcd-40cc-9fab-d02d7e57a586"", ""status"": ""COMPLETE"", ""error"": ""null"", ""outputs"": {""Position"": ""0"", ""Results"": """"}}",0,,"{""Position"": ""0"", ""Results"": """"}",succeeded,a2f8e26f-4bcd-40cc-9fab-d02d7e57a586,ARM,uGO_CONTROLLER > UR5E_POLYSCOPE > ARM,,PENDING > EXECUTE > COMPLETE,2026-03-09T17:17:13.100+01:00:PENDING | 2026-03-09T17:17:14.106+01:00:EXECUTE | 2026-03-09T17:17:15.112+01:00:COMPLETE,2026-03-09T17:17:15.112+01:00
2026-03-09T17:17:15.115+01:00,SingleTask,,2,,,,,1,2,28,101,,SingleTask,"{""id"": ""e8f85779-3c24-4cd3-b937-6b5421adcf6f"", ""status"": ""COMPLETE"", ""error"": ""null"", ""outputs"": {""Position"": ""0"", ""Results"": """"}}",0,,"{""Position"": ""0"", ""Results"": """"}",succeeded,e8f85779-3c24-4cd3-b937-6b5421adcf6f,ARM,uGO_CONTROLLER > UR5E_POLYSCOPE > ARM,,PENDING > EXECUTE > COMPLETE,2026-03-09T17:17:15.122+01:00:PENDING | 2026-03-09T17:17:16.128+01:00:EXECUTE | 2026-03-09T17:17:18.139+01:00:COMPLETE,2026-03-09T17:17:18.139+01:00
2026-03-09T17:17:18.144+01:00,SingleDeviceAction,1,,,,,,5,,,,,SingleDeviceAction,"{""id"": ""4d401e16-e045-430c-a779-5f54b4d77aca"", ""status"": ""COMPLETE"", ""error"": ""null"", ""outputs"": {""Position"": ""0"", ""Results"": """"}}",0,,"{""Position"": ""0"", ""Results"": """"}",succeeded,4d401e16-e045-430c-a779-5f54b4d77aca,ARM,uGO_CONTROLLER > UR5E_POLYSCOPE > ARM,,EXECUTE > COMPLETE,2026-03-09T17:17:19.165+01:00:EXECUTE | 2026-03-09T17:17:21.177+01:00:COMPLETE,2026-03-09T17:17:21.177+01:00
2026-03-09T17:17:21.178+01:00,SingleDeviceAction,4,,,,,,5,,,,,SingleDeviceAction,"{""id"": ""12fd0bdb-5c69-4314-bb27-f6076f77b001"", ""status"": ""COMPLETE"", ""error"": ""null"", ""outputs"": {""Position"": ""0"", ""Results"": ""Success""}}",0,Success,"{""Position"": ""0"", ""Results"": ""Success""}",succeeded,12fd0bdb-5c69-4314-bb27-f6076f77b001,ARM,uGO_CONTROLLER > UR5E_POLYSCOPE > ARM,,PENDING > EXECUTE > COMPLETE,2026-03-09T17:17:21.187+01:00:PENDING | 2026-03-09T17:17:22.194+01:00:EXECUTE | 2026-03-09T17:17:23.201+01:00:COMPLETE,2026-03-09T17:17:23.201+01:00
2026-03-09T17:17:23.203+01:00,SingleTask,,1,,,,,1,2,1,9002,,SingleTask,"{""id"": ""92032575-d379-45c6-959c-5284b016006f"", ""status"": ""COMPLETE"", ""error"": ""null"", ""outputs"": {""Position"": ""0"", ""Results"": """"}}",0,,"{""Position"": ""0"", ""Results"": """"}",succeeded,92032575-d379-45c6-959c-5284b016006f,ARM,uGO_CONTROLLER > UR5E_POLYSCOPE > ARM,,PENDING > EXECUTE > COMPLETE,2026-03-09T17:17:23.212+01:00:PENDING | 2026-03-09T17:17:24.219+01:00:EXECUTE | 2026-03-09T17:17:25.225+01:00:COMPLETE,2026-03-09T17:17:25.225+01:00
2026-03-09T17:17:25.228+01:00,SingleTask,,2,,,,,5,2,1,9002,,SingleTask,"{""id"": ""50d9f359-d90c-4076-91b2-6869260cf858"", ""status"": ""COMPLETE"", ""error"": ""null"", ""outputs"": {""Position"": ""0"", ""Results"": """"}}",0,,"{""Position"": ""0"", ""Results"": """"}",succeeded,50d9f359-d90c-4076-91b2-6869260cf858,ARM,uGO_CONTROLLER > UR5E_POLYSCOPE > ARM,,PENDING > EXECUTE > COMPLETE,2026-03-09T17:17:25.237+01:00:PENDING | 2026-03-09T17:17:26.242+01:00:EXECUTE | 2026-03-09T17:17:27.248+01:00:COMPLETE,2026-03-09T17:17:27.248+01:00
2026-03-09T17:17:27.255+01:00,SingleDeviceAction,4,,,,,,5,,,,,SingleDeviceAction,"{""id"": ""49c7b529-36cc-4782-86a1-54612578c729"", ""status"": ""COMPLETE"", ""error"": ""null"", ""outputs"": {""Position"": ""0"", ""Results"": ""Success""}}",0,Success,"{""Position"": ""0"", ""Results"": ""Success""}",succeeded,49c7b529-36cc-4782-86a1-54612578c729,ARM,uGO_CONTROLLER > UR5E_POLYSCOPE > ARM,,PENDING > EXECUTE > COMPLETE,2026-03-09T17:17:27.263+01:00:PENDING | 2026-03-09T17:17:28.272+01:00:EXECUTE | 2026-03-09T17:17:29.278+01:00:COMPLETE,2026-03-09T17:17:29.278+01:00
2026-03-09T17:17:29.280+01:00,SingleTask,,1,,,,,1,2,2,9002,,SingleTask,"{""id"": ""e0b0516a-57f8-4758-94ee-89d68b63d205"", ""status"": ""COMPLETE"", ""error"": ""null"", ""outputs"": {""Position"": ""0"", ""Results"": """"}}",0,,"{""Position"": ""0"", ""Results"": """"}",succeeded,e0b0516a-57f8-4758-94ee-89d68b63d205,ARM,uGO_CONTROLLER > UR5E_POLYSCOPE > ARM,,PENDING > EXECUTE > COMPLETE,2026-03-09T17:17:29.289+01:00:PENDING | 2026-03-09T17:17:30.295+01:00:EXECUTE | 2026-03-09T17:17:32.309+01:00:COMPLETE,2026-03-09T17:17:32.309+01:00
2026-03-09T17:17:32.311+01:00,SingleTask,,2,,,,,5,2,1,9002,,SingleTask,"{""id"": ""be74f9be-12fb-4f16-922f-5e64c0d16185"", ""status"": ""COMPLETE"", ""error"": ""null"", ""outputs"": {""Position"": ""0"", ""Results"": """"}}",0,,"{""Position"": ""0"", ""Results"": """"}",succeeded,be74f9be-12fb-4f16-922f-5e64c0d16185,ARM,uGO_CONTROLLER > UR5E_POLYSCOPE > ARM,,EXECUTE > COMPLETE,2026-03-09T17:17:33.340+01:00:EXECUTE | 2026-03-09T17:17:35.354+01:00:COMPLETE,2026-03-09T17:17:35.354+01:00
2026-03-09T17:17:35.361+01:00,SingleDeviceAction,4,,,,,,5,,,,,SingleDeviceAction,"{""id"": ""9a474b35-0788-40a3-968d-d9a1991c12ba"", ""status"": ""COMPLETE"", ""error"": ""null"", ""outputs"": {""Position"": ""0"", ""Results"": ""Success""}}",0,Success,"{""Position"": ""0"", ""Results"": ""Success""}",succeeded,9a474b35-0788-40a3-968d-d9a1991c12ba,ARM,uGO_CONTROLLER > UR5E_POLYSCOPE > ARM,,PENDING > EXECUTE > COMPLETE,2026-03-09T17:17:35.370+01:00:PENDING | 2026-03-09T17:17:36.377+01:00:EXECUTE | 2026-03-09T17:17:38.387+01:00:COMPLETE,2026-03-09T17:17:38.387+01:00
2026-03-09T17:17:38.389+01:00,SingleTask,,1,,,,,1,2,3,9002,,SingleTask,"{""id"": ""122afb41-2a0a-4009-b98c-91808e7a643a"", ""status"": ""COMPLETE"", ""error"": ""null"", ""outputs"": {""Position"": ""0"", ""Results"": """"}}",0,,"{""Position"": ""0"", ""Results"": """"}",succeeded,122afb41-2a0a-4009-b98c-91808e7a643a,ARM,uGO_CONTROLLER > UR5E_POLYSCOPE > ARM,,PENDING > EXECUTE > COMPLETE,2026-03-09T17:17:38.396+01:00:PENDING | 2026-03-09T17:17:39.402+01:00:EXECUTE | 2026-03-09T17:17:40.409+01:00:COMPLETE,2026-03-09T17:17:40.409+01:00
2026-03-09T17:17:40.411+01:00,SingleTask,,2,,,,,5,2,1,9002,,SingleTask,"{""id"": ""d6265e3b-caf8-4c0f-8bf0-904484778170"", ""status"": ""COMPLETE"", ""error"": ""null"", ""outputs"": {""Position"": ""0"", ""Results"": """"}}",0,,"{""Position"": ""0"", ""Results"": """"}",succeeded,d6265e3b-caf8-4c0f-8bf0-904484778170,ARM,uGO_CONTROLLER > UR5E_POLYSCOPE > ARM,,PENDING > EXECUTE > COMPLETE,2026-03-09T17:17:40.422+01:00:PENDING | 2026-03-09T17:17:41.428+01:00:EXECUTE | 2026-03-09T17:17:43.441+01:00:COMPLETE,2026-03-09T17:17:43.441+01:00
2026-03-09T17:17:43.446+01:00,SingleDeviceAction,4,,,,,,5,,,,,SingleDeviceAction,"{""id"": ""4e0f5860-9524-442c-978e-ea4adae5ce05"", ""status"": ""COMPLETE"", ""error"": ""null"", ""outputs"": {""Position"": ""0"", ""Results"": ""Success""}}",0,Success,"{""Position"": ""0"", ""Results"": ""Success""}",succeeded,4e0f5860-9524-442c-978e-ea4adae5ce05,ARM,uGO_CONTROLLER > UR5E_POLYSCOPE > ARM,,PENDING > EXECUTE > COMPLETE,2026-03-09T17:17:43.454+01:00:PENDING | 2026-03-09T17:17:44.458+01:00:EXECUTE | 2026-03-09T17:17:45.465+01:00:COMPLETE,2026-03-09T17:17:45.465+01:00
2026-03-09T17:17:45.468+01:00,SingleTask,,1,,,,,1,2,4,9002,,SingleTask,"{""id"": ""d906f739-15c7-4f45-9a88-178911cb25f8"", ""status"": ""COMPLETE"", ""error"": ""null"", ""outputs"": {""Position"": ""0"", ""Results"": """"}}",0,,"{""Position"": ""0"", ""Results"": """"}",succeeded,d906f739-15c7-4f45-9a88-178911cb25f8,ARM,uGO_CONTROLLER > UR5E_POLYSCOPE > ARM,,PENDING > EXECUTE > COMPLETE,2026-03-09T17:17:45.475+01:00:PENDING | 2026-03-09T17:17:46.481+01:00:EXECUTE | 2026-03-09T17:17:48.493+01:00:COMPLETE,2026-03-09T17:17:48.493+01:00
2026-03-09T17:17:48.496+01:00,SingleTask,,2,,,,,5,2,1,9002,,SingleTask,"{""id"": ""8a66518f-e8e0-4207-b11e-3dc7617ee809"", ""status"": ""COMPLETE"", ""error"": ""null"", ""outputs"": {""Position"": ""0"", ""Results"": """"}}",0,,"{""Position"": ""0"", ""Results"": """"}",succeeded,8a66518f-e8e0-4207-b11e-3dc7617ee809,ARM,uGO_CONTROLLER > UR5E_POLYSCOPE > ARM,,PENDING > EXECUTE > COMPLETE,2026-03-09T17:17:48.504+01:00:PENDING | 2026-03-09T17:17:49.508+01:00:EXECUTE | 2026-03-09T17:17:51.522+01:00:COMPLETE,2026-03-09T17:17:51.522+01:00
2026-03-09T17:17:51.528+01:00,SingleDeviceAction,3,,,,,,5,,,,,SingleDeviceAction,"{""id"": ""f5f34bbd-46dd-4bc3-b715-0d792bb8745f"", ""status"": ""COMPLETE"", ""error"": ""null"", ""outputs"": {""Position"": ""0"", ""Results"": ""Success""}}",0,Success,"{""Position"": ""0"", ""Results"": ""Success""}",succeeded,f5f34bbd-46dd-4bc3-b715-0d792bb8745f,ARM,uGO_CONTROLLER > UR5E_POLYSCOPE > ARM,,PENDING > EXECUTE > COMPLETE,2026-03-09T17:17:51.537+01:00:PENDING | 2026-03-09T17:17:52.543+01:00:EXECUTE | 2026-03-09T17:17:54.556+01:00:COMPLETE,2026-03-09T17:17:54.556+01:00
2026-03-09T17:17:54.558+01:00,SingleDeviceAction,2,,,,,,5,,,,,SingleDeviceAction,"{""id"": ""54385dfe-566e-4f45-bf58-f9c8030c2130"", ""status"": ""COMPLETE"", ""error"": ""null"", ""outputs"": {""Position"": ""0"", ""Results"": """"}}",0,,"{""Position"": ""0"", ""Results"": """"}",succeeded,54385dfe-566e-4f45-bf58-f9c8030c2130,ARM,uGO_CONTROLLER > UR5E_POLYSCOPE > ARM,,PENDING > EXECUTE > COMPLETE,2026-03-09T17:17:54.566+01:00:PENDING | 2026-03-09T17:17:55.573+01:00:EXECUTE | 2026-03-09T17:17:56.580+01:00:COMPLETE,2026-03-09T17:17:56.580+01:00
2026-03-10T10:44:02.985+01:00,SingleDeviceAction,30,,,,,,5,,,,,SingleDeviceAction,"{""id"": ""844cb13f-c13e-4c47-965c-30a114508e48"", ""status"": ""PENDING"", ""error"": ""null"", ""outputs"": {}}",,,{},failed,844cb13f-c13e-4c47-965c-30a114508e48,ARM,uGO_CONTROLLER > UR5E_POLYSCOPE > ARM,timeout after 120.0s,PENDING,2026-03-10T10:44:02.995+01:00:PENDING,2026-03-10T10:46:03.482+01:00
2026-03-10T10:48:28.564+01:00,SingleDeviceAction,30,,,,,,5,,,,,SingleDeviceAction,"{""id"": ""9b377334-ce69-4e88-ba56-a3a134f7d604"", ""status"": ""PENDING"", ""error"": ""null"", ""outputs"": {}}",,,{},failed,9b377334-ce69-4e88-ba56-a3a134f7d604,ARM,uGO_CONTROLLER > UR5E_POLYSCOPE > ARM,get_request_status returned None 5 times in a row,,,2026-03-10T10:49:13.822+01:00
2026-03-10T10:49:30.857+01:00,SingleDeviceAction,30,,,,,,5,,,,,SingleDeviceAction,"{""id"": ""0b7078ea-1163-41b7-8392-9c6675d6254d"", ""status"": ""COMPLETE"", ""error"": ""null"", ""outputs"": {""Position"": ""0"", ""Results"": ""p[0, 0, 0, 0, 0, 0]""}}",0,"p[0, 0, 0, 0, 0, 0]","{""Position"": ""0"", ""Results"": ""p[0, 0, 0, 0, 0, 0]""}",succeeded,0b7078ea-1163-41b7-8392-9c6675d6254d,ARM,uGO_CONTROLLER > UR5E_POLYSCOPE > ARM,,PENDING > EXECUTE > COMPLETE,2026-03-10T10:49:30.868+01:00:PENDING | 2026-03-10T10:50:44.249+01:00:EXECUTE | 2026-03-10T10:50:46.263+01:00:COMPLETE,2026-03-10T10:50:46.263+01:00
2026-03-10T10:50:46.265+01:00,SingleDeviceAction,1,,,,,,5,,,,,SingleDeviceAction,"{""id"": ""46b8db73-1f20-435f-836b-3b7dc123482c"", ""status"": ""COMPLETE"", ""error"": ""null"", ""outputs"": {""Position"": ""0"", ""Results"": """"}}",0,,"{""Position"": ""0"", ""Results"": """"}",succeeded,46b8db73-1f20-435f-836b-3b7dc123482c,ARM,uGO_CONTROLLER > UR5E_POLYSCOPE > ARM,,PENDING > EXECUTE > COMPLETE,2026-03-10T10:50:46.275+01:00:PENDING | 2026-03-10T10:50:47.284+01:00:EXECUTE | 2026-03-10T10:50:48.293+01:00:COMPLETE,2026-03-10T10:50:48.293+01:00
2026-03-10T10:50:48.296+01:00,SingleDeviceAction,4,,,,,,5,,,,,SingleDeviceAction,"{""id"": ""fd995742-5256-48de-a302-9ff3627cfea8"", ""status"": ""COMPLETE"", ""error"": ""null"", ""outputs"": {""Position"": ""0"", ""Results"": ""Success""}}",0,Success,"{""Position"": ""0"", ""Results"": ""Success""}",succeeded,fd995742-5256-48de-a302-9ff3627cfea8,ARM,uGO_CONTROLLER > UR5E_POLYSCOPE > ARM,,PENDING > EXECUTE > COMPLETE,2026-03-10T10:50:48.314+01:00:PENDING | 2026-03-10T10:50:49.322+01:00:EXECUTE | 2026-03-10T10:50:51.339+01:00:COMPLETE,2026-03-10T10:50:51.339+01:00
2026-03-10T10:50:51.343+01:00,SingleTask,,1,,,,,5,2,1,9002,,SingleTask,"{""id"": ""7b054cbf-8809-4e57-99ec-a1f60049fc08"", ""status"": ""COMPLETE"", ""error"": ""null"", ""outputs"": {""Position"": ""0"", ""Results"": """"}}",0,,"{""Position"": ""0"", ""Results"": """"}",succeeded,7b054cbf-8809-4e57-99ec-a1f60049fc08,ARM,uGO_CONTROLLER > UR5E_POLYSCOPE > ARM,,PENDING > EXECUTE > COMPLETE,2026-03-10T10:50:51.351+01:00:PENDING | 2026-03-10T10:50:52.358+01:00:EXECUTE | 2026-03-10T10:50:53.364+01:00:COMPLETE,2026-03-10T10:50:53.364+01:00
2026-03-10T10:50:53.366+01:00,SingleTask,,2,,,,,1,2,1,9002,,SingleTask,"{""id"": ""695979ea-3468-4f9b-a30b-4bf624eaff70"", ""status"": ""COMPLETE"", ""error"": ""null"", ""outputs"": {""Position"": ""0"", ""Results"": """"}}",0,,"{""Position"": ""0"", ""Results"": """"}",succeeded,695979ea-3468-4f9b-a30b-4bf624eaff70,ARM,uGO_CONTROLLER > UR5E_POLYSCOPE > ARM,,PENDING > EXECUTE > COMPLETE,2026-03-10T10:50:53.373+01:00:PENDING | 2026-03-10T10:50:54.377+01:00:EXECUTE | 2026-03-10T10:50:56.387+01:00:COMPLETE,2026-03-10T10:50:56.387+01:00
2026-03-10T10:50:56.393+01:00,SingleDeviceAction,4,,,,,,5,,,,,SingleDeviceAction,"{""id"": ""dd862290-6ac9-4073-b2d1-1fa3f186c6ae"", ""status"": ""COMPLETE"", ""error"": ""null"", ""outputs"": {""Position"": ""0"", ""Results"": ""Success""}}",0,Success,"{""Position"": ""0"", ""Results"": ""Success""}",succeeded,dd862290-6ac9-4073-b2d1-1fa3f186c6ae,ARM,uGO_CONTROLLER > UR5E_POLYSCOPE > ARM,,PENDING > EXECUTE > COMPLETE,2026-03-10T10:50:56.401+01:00:PENDING | 2026-03-10T10:50:57.407+01:00:EXECUTE | 2026-03-10T10:50:58.415+01:00:COMPLETE,2026-03-10T10:50:58.415+01:00
2026-03-10T10:50:58.419+01:00,SingleTask,,1,,,,,5,2,1,9002,,SingleTask,"{""id"": ""d11725cc-6b89-4a00-b624-d8318aa89717"", ""status"": ""COMPLETE"", ""error"": ""null"", ""outputs"": {""Position"": ""0"", ""Results"": """"}}",0,,"{""Position"": ""0"", ""Results"": """"}",succeeded,d11725cc-6b89-4a00-b624-d8318aa89717,ARM,uGO_CONTROLLER > UR5E_POLYSCOPE > ARM,,PENDING > EXECUTE > COMPLETE,2026-03-10T10:50:58.427+01:00:PENDING | 2026-03-10T10:50:59.432+01:00:EXECUTE | 2026-03-10T10:51:01.441+01:00:COMPLETE,2026-03-10T10:51:01.441+01:00
2026-03-10T10:51:01.441+01:00,SingleTask,,2,,,,,1,2,2,9002,,SingleTask,"{""id"": ""f56bd0fc-be6d-42be-afa2-f760e16a1c95"", ""status"": ""COMPLETE"", ""error"": ""null"", ""outputs"": {""Position"": ""0"", ""Results"": """"}}",0,,"{""Position"": ""0"", ""Results"": """"}",succeeded,f56bd0fc-be6d-42be-afa2-f760e16a1c95,ARM,uGO_CONTROLLER > UR5E_POLYSCOPE > ARM,,PENDING > EXECUTE > COMPLETE,2026-03-10T10:51:01.447+01:00:PENDING | 2026-03-10T10:51:02.452+01:00:EXECUTE | 2026-03-10T10:51:03.456+01:00:COMPLETE,2026-03-10T10:51:03.456+01:00
2026-03-10T10:51:03.461+01:00,SingleDeviceAction,4,,,,,,5,,,,,SingleDeviceAction,"{""id"": ""a2ed6964-74b7-4866-a460-89156580aed2"", ""status"": ""COMPLETE"", ""error"": ""null"", ""outputs"": {""Position"": ""0"", ""Results"": ""Success""}}",0,Success,"{""Position"": ""0"", ""Results"": ""Success""}",succeeded,a2ed6964-74b7-4866-a460-89156580aed2,ARM,uGO_CONTROLLER > UR5E_POLYSCOPE > ARM,,PENDING > EXECUTE > COMPLETE,2026-03-10T10:51:03.467+01:00:PENDING | 2026-03-10T10:51:04.471+01:00:EXECUTE | 2026-03-10T10:51:05.476+01:00:COMPLETE,2026-03-10T10:51:05.476+01:00
2026-03-10T10:51:05.477+01:00,SingleTask,,1,,,,,5,2,1,9002,,SingleTask,"{""id"": ""edf1996a-fc8c-48ea-b611-65be3d74cb07"", ""status"": ""COMPLETE"", ""error"": ""null"", ""outputs"": {""Position"": ""0"", ""Results"": """"}}",0,,"{""Position"": ""0"", ""Results"": """"}",succeeded,edf1996a-fc8c-48ea-b611-65be3d74cb07,ARM,uGO_CONTROLLER > UR5E_POLYSCOPE > ARM,,PENDING > EXECUTE > COMPLETE,2026-03-10T10:51:05.484+01:00:PENDING | 2026-03-10T10:51:06.488+01:00:EXECUTE | 2026-03-10T10:51:08.497+01:00:COMPLETE,2026-03-10T10:51:08.497+01:00
2026-03-10T10:51:08.499+01:00,SingleTask,,2,,,,,1,2,3,9002,,SingleTask,"{""id"": ""29f0994d-bf08-479a-b1c2-f41c92bfbcd4"", ""status"": ""COMPLETE"", ""error"": ""null"", ""outputs"": {""Position"": ""0"", ""Results"": """"}}",0,,"{""Position"": ""0"", ""Results"": """"}",succeeded,29f0994d-bf08-479a-b1c2-f41c92bfbcd4,ARM,uGO_CONTROLLER > UR5E_POLYSCOPE > ARM,,PENDING > EXECUTE > COMPLETE,2026-03-10T10:51:08.505+01:00:PENDING | 2026-03-10T10:51:09.508+01:00:EXECUTE | 2026-03-10T10:51:11.517+01:00:COMPLETE,2026-03-10T10:51:11.517+01:00
2026-03-10T10:51:11.522+01:00,SingleDeviceAction,4,,,,,,5,,,,,SingleDeviceAction,"{""id"": ""79d4722d-2a4c-48a3-b926-51c965dfb155"", ""status"": ""COMPLETE"", ""error"": ""null"", ""outputs"": {""Position"": ""0"", ""Results"": ""Success""}}",0,Success,"{""Position"": ""0"", ""Results"": ""Success""}",succeeded,79d4722d-2a4c-48a3-b926-51c965dfb155,ARM,uGO_CONTROLLER > UR5E_POLYSCOPE > ARM,,EXECUTE > COMPLETE,2026-03-10T10:51:12.537+01:00:EXECUTE | 2026-03-10T10:51:13.562+01:00:COMPLETE,2026-03-10T10:51:13.562+01:00
2026-03-10T10:51:13.564+01:00,SingleTask,,1,,,,,5,2,1,9002,,SingleTask,"{""id"": ""f5d65fa4-38d4-4a88-b79a-8211c72a1971"", ""status"": ""COMPLETE"", ""error"": ""null"", ""outputs"": {""Position"": ""0"", ""Results"": """"}}",0,,"{""Position"": ""0"", ""Results"": """"}",succeeded,f5d65fa4-38d4-4a88-b79a-8211c72a1971,ARM,uGO_CONTROLLER > UR5E_POLYSCOPE > ARM,,PENDING > EXECUTE > COMPLETE,2026-03-10T10:51:13.572+01:00:PENDING | 2026-03-10T10:51:14.576+01:00:EXECUTE | 2026-03-10T10:51:15.581+01:00:COMPLETE,2026-03-10T10:51:15.581+01:00
2026-03-10T10:51:15.583+01:00,SingleTask,,2,,,,,1,2,4,9002,,SingleTask,"{""id"": ""285b5ee3-acf7-4cbe-8e55-54ff108a0071"", ""status"": ""COMPLETE"", ""error"": ""null"", ""outputs"": {""Position"": ""0"", ""Results"": """"}}",0,,"{""Position"": ""0"", ""Results"": """"}",succeeded,285b5ee3-acf7-4cbe-8e55-54ff108a0071,ARM,uGO_CONTROLLER > UR5E_POLYSCOPE > ARM,,PENDING > EXECUTE > COMPLETE,2026-03-10T10:51:15.588+01:00:PENDING | 2026-03-10T10:51:16.594+01:00:EXECUTE | 2026-03-10T10:51:18.602+01:00:COMPLETE,2026-03-10T10:51:18.602+01:00
2026-03-10T10:51:18.607+01:00,SingleDeviceAction,3,,,,,,5,,,,,SingleDeviceAction,"{""id"": ""0cf06c74-eab3-499a-a226-164eb9db0f37"", ""status"": ""COMPLETE"", ""error"": ""null"", ""outputs"": {""Position"": ""0"", ""Results"": ""Success""}}",0,Success,"{""Position"": ""0"", ""Results"": ""Success""}",succeeded,0cf06c74-eab3-499a-a226-164eb9db0f37,ARM,uGO_CONTROLLER > UR5E_POLYSCOPE > ARM,,PENDING > EXECUTE > COMPLETE,2026-03-10T10:51:18.608+01:00:PENDING | 2026-03-10T10:51:19.613+01:00:EXECUTE | 2026-03-10T10:51:20.617+01:00:COMPLETE,2026-03-10T10:51:20.617+01:00
2026-03-10T10:51:20.618+01:00,SingleTask,,1,,,,,1,2,19,101,,SingleTask,"{""id"": ""4cd4a44b-d78b-4a3a-ba2c-a1036fa466f4"", ""status"": ""COMPLETE"", ""error"": ""null"", ""outputs"": {""Position"": ""0"", ""Results"": """"}}",0,,"{""Position"": ""0"", ""Results"": """"}",succeeded,4cd4a44b-d78b-4a3a-ba2c-a1036fa466f4,ARM,uGO_CONTROLLER > UR5E_POLYSCOPE > ARM,,PENDING > EXECUTE > COMPLETE,2026-03-10T10:51:20.623+01:00:PENDING | 2026-03-10T10:51:21.628+01:00:EXECUTE | 2026-03-10T10:51:22.631+01:00:COMPLETE,2026-03-10T10:51:22.632+01:00
2026-03-10T10:51:22.633+01:00,SingleTask,,2,,,,,1,3,1,101,,SingleTask,"{""id"": ""cdbf2341-4b3c-4900-a3b2-d5d090fd72bc"", ""status"": ""COMPLETE"", ""error"": ""null"", ""outputs"": {""Position"": ""0"", ""Results"": """"}}",0,,"{""Position"": ""0"", ""Results"": """"}",succeeded,cdbf2341-4b3c-4900-a3b2-d5d090fd72bc,ARM,uGO_CONTROLLER > UR5E_POLYSCOPE > ARM,,PENDING > EXECUTE > COMPLETE,2026-03-10T10:51:22.639+01:00:PENDING | 2026-03-10T10:51:23.643+01:00:EXECUTE | 2026-03-10T10:51:24.648+01:00:COMPLETE,2026-03-10T10:51:24.648+01:00
2026-03-10T10:51:24.651+01:00,SingleTask,,1,,,,,1,2,28,101,,SingleTask,"{""id"": ""e382b7a5-faeb-4ba9-aafc-fdc9ff5d8e08"", ""status"": ""COMPLETE"", ""error"": ""null"", ""outputs"": {""Position"": ""0"", ""Results"": """"}}",0,,"{""Position"": ""0"", ""Results"": """"}",succeeded,e382b7a5-faeb-4ba9-aafc-fdc9ff5d8e08,ARM,uGO_CONTROLLER > UR5E_POLYSCOPE > ARM,,PENDING > EXECUTE > COMPLETE,2026-03-10T10:51:24.657+01:00:PENDING | 2026-03-10T10:51:25.662+01:00:EXECUTE | 2026-03-10T10:51:26.665+01:00:COMPLETE,2026-03-10T10:51:26.666+01:00
2026-03-10T10:51:26.668+01:00,SingleTask,,2,,,,,1,3,2,101,,SingleTask,"{""id"": ""c086db3d-8f4e-466b-8248-08321052f937"", ""status"": ""COMPLETE"", ""error"": ""null"", ""outputs"": {""Position"": ""0"", ""Results"": """"}}",0,,"{""Position"": ""0"", ""Results"": """"}",succeeded,c086db3d-8f4e-466b-8248-08321052f937,ARM,uGO_CONTROLLER > UR5E_POLYSCOPE > ARM,,PENDING > EXECUTE > COMPLETE,2026-03-10T10:51:26.673+01:00:PENDING | 2026-03-10T10:51:27.677+01:00:EXECUTE | 2026-03-10T10:51:29.685+01:00:COMPLETE,2026-03-10T10:51:29.685+01:00
