task_id,command_sent,change_index,state,timestamp,task_outputs,task_output_results,task_output_position,task_data
b03b0d5c-29f4-4ac2-acf9-34c56cfcc9ce,Navigate,1,PENDING,2026-03-09T17:11:13.747+01:00,"{""Position"": ""0"", ""Results"": ""NavigationComplete""}",NavigationComplete,0,"{""id"": ""b03b0d5c-29f4-4ac2-acf9-34c56cfcc9ce"", ""status"": ""COMPLETE"", ""error"": ""null"", ""outputs"": {""Position"": ""0"", ""Results"": ""NavigationComplete""}}"
b03b0d5c-29f4-4ac2-acf9-34c56cfcc9ce,Navigate,2,EXECUTE,2026-03-09T17:11:14.755+01:00,"{""Position"": ""0"", ""Results"": ""NavigationComplete""}",NavigationComplete,0,"{""id"": ""b03b0d5c-29f4-4ac2-acf9-34c56cfcc9ce"", ""status"": ""COMPLETE"", ""error"": ""null"", ""outputs"": {""Position"": ""0"", ""Results"": ""NavigationComplete""}}"
b03b0d5c-29f4-4ac2-acf9-34c56cfcc9ce,Navigate,3,COMPLETE,2026-03-09T17:11:16.767+01:00,"{""Position"": ""0"", ""Results"": ""NavigationComplete""}",NavigationComplete,0,"{""id"": ""b03b0d5c-29f4-4ac2-acf9-34c56cfcc9ce"", ""status"": ""COMPLETE"", ""error"": ""null"", ""outputs"": {""Position"": ""0"", ""Results"": ""NavigationComplete""}}"
b65fdfa3-c82b-42f1-852f-7247d5a61d92,SingleDeviceAction,1,PENDING,2026-03-09T17:11:16.883+01:00,"{""Position"": ""0"", ""Results"": ""p[0, 0, 0, 0, 0, 0]""}","p[0, 0, 0, 0, 0, 0]",0,"{""id"": ""b65fdfa3-c82b-42f1-852f-7247d5a61d92"", ""status"": ""COMPLETE"", ""error"": ""null"", ""outputs"": {""Position"": ""0"", ""Results"": ""p[0, 0, 0, 0, 0, 0]""}}"
b65fdfa3-c82b-42f1-852f-7247d5a61d92,SingleDeviceAction,2,EXECUTE,2026-03-09T17:11:17.887+01:00,"{""Position"": ""0"", ""Results"": ""p[0, 0, 0, 0, 0, 0]""}","p[0, 0, 0, 0, 0, 0]",0,"{""id"": ""b65fdfa3-c82b-42f1-852f-7247d5a61d92"", ""status"": ""COMPLETE"", ""error"": ""null"", ""outputs"": {""Position"": ""0"", ""Results"": ""p[0, 0, 0, 0, 0, 0]""}}"
b65fdfa3-c82b-42f1-852f-7247d5a61d92,SingleDeviceAction,3,COMPLETE,2026-03-09T17:11:19.901+01:00,"{""Position"": ""0"", ""Results"": ""p[0, 0, 0, 0, 0, 0]""}","p[0, 0, 0, 0, 0, 0]",0,"{""id"": ""b65fdfa3-c82b-42f1-852f-7247d5a61d92"", ""status"": ""COMPLETE"", ""error"": ""null"", ""outputs"": {""Position"": ""0"", ""Results"": ""p[0, 0, 0, 0, 0, 0]""}}"
f225aa36-9d6a-4c26-95ad-f04a115437b2,SingleTask,1,PENDING,2026-03-09T17:11:20.011+01:00,"{""Position"": ""0"", ""Results"": """"}",,0,"{""id"": ""f225aa36-9d6a-4c26-95ad-f04a115437b2"", ""status"": ""COMPLETE"", ""error"": ""null"", ""outputs"": {""Position"": ""0"", ""Results"": """"}}"
f225aa36-9d6a-4c26-95ad-f04a115437b2,SingleTask,2,EXECUTE,2026-03-09T17:11:21.020+01:00,"{""Position"": ""0"", ""Results"": """"}",,0,"{""id"": ""f225aa36-9d6a-4c26-95ad-f04a115437b2"", ""status"": ""COMPLETE"", ""error"": ""null"", ""outputs"": {""Position"": ""0"", ""Results"": """"}}"
f225aa36-9d6a-4c26-95ad-f04a115437b2,SingleTask,3,COMPLETE,2026-03-09T17:11:22.029+01:00,"{""Position"": ""0"", ""Results"": """"}",,0,"{""id"": ""f225aa36-9d6a-4c26-95ad-f04a115437b2"", ""status"": ""COMPLETE"", ""error"": ""null"", ""outputs"": {""Position"": ""0"", ""Results"": """"}}"
36f30f43-e932-42d2-a324-b53b3c4c2f48,SingleTask,1,PENDING,2026-03-09T17:11:22.043+01:00,"{""Position"": ""0"", ""Results"": """"}",,0,"{""id"": ""36f30f43-e932-42d2-a324-b53b3c4c2f48"", ""status"": ""COMPLETE"", ""error"": ""null"", ""outputs"": {""Position"": ""0"", ""Results"": """"}}"
36f30f43-e932-42d2-a324-b53b3c4c2f48,SingleTask,2,EXECUTE,2026-03-09T17:11:23.048+01:00,"{""Position"": ""0"", ""Results"": """"}",,0,"{""id"": ""36f30f43-e932-42d2-a324-b53b3c4c2f48"", ""status"": ""COMPLETE"", ""error"": ""null"", ""outputs"": {""Position"": ""0"", ""Results"": """"}}"
36f30f43-e932-42d2-a324-b53b3c4c2f48,SingleTask,3,COMPLETE,2026-03-09T17:11:24.054+01:00,"{""Position"": ""0"", ""Results"": """"}",,0,"{""id"": ""36f30f43-e932-42d2-a324-b53b3c4c2f48"", ""status"": ""COMPLETE"", ""error"": ""null"", ""outputs"": {""Position"": ""0"", ""Results"": """"}}"
5876f598-18b6-4ebc-81ae-809799cc84a0,Charge,1,PENDING,2026-03-09T17:11:24.176+01:00,"{""Position"": ""0"", ""Results"": ""NavigationComplete""}",NavigationComplete,0,"{""id"": ""5876f598-18b6-4ebc-81ae-809799cc84a0"", ""status"": ""COMPLETE"", ""error"": ""null"", ""outputs"": {""Position"": ""0"", ""Results"": ""NavigationComplete""}}"
5876f598-18b6-4ebc-81ae-809799cc84a0,Charge,2,EXECUTE,2026-03-09T17:11:25.182+01:00,"{""Position"": ""0"", ""Results"": ""NavigationComplete""}",NavigationComplete,0,"{""id"": ""5876f598-18b6-4ebc-81ae-809799cc84a0"", ""status"": ""COMPLETE"", ""error"": ""null"", ""outputs"": {""Position"": ""0"", ""Results"": ""NavigationComplete""}}"
5876f598-18b6-4ebc-81ae-809799cc84a0,Charge,3,COMPLETE,2026-03-09T17:11:26.189+01:00,"{""Position"": ""0"", ""Results"": ""NavigationComplete""}",NavigationComplete,0,"{""id"": ""5876f598-18b6-4ebc-81ae-809799cc84a0"", ""status"": ""COMPLETE"", ""error"": ""null"", ""outputs"": {""Position"": ""0"", ""Results"": ""NavigationComplete""}}"
7d43987c-15b5-4a91-8a11-19e0d4077d8c,InspectRackAtStation,1,EXECUTE,2026-03-09T17:11:27.319+01:00,"{""Position"": ""0"", ""Results"": ""[4,5,14,22,30,31]""}","[4,5,14,22,30,31]",0,"{""id"": ""7d43987c-15b5-4a91-8a11-19e0d4077d8c"", ""status"": ""COMPLETE"", ""error"": ""null"", ""outputs"": {""Position"": ""0"", ""Results"": ""[4,5,14,22,30,31]""}}"
7d43987c-15b5-4a91-8a11-19e0d4077d8c,InspectRackAtStation,2,COMPLETE,2026-03-09T17:11:28.326+01:00,"{""Position"": ""0"", ""Results"": ""[4,5,14,22,30,31]""}","[4,5,14,22,30,31]",0,"{""id"": ""7d43987c-15b5-4a91-8a11-19e0d4077d8c"", ""status"": ""COMPLETE"", ""error"": ""null"", ""outputs"": {""Position"": ""0"", ""Results"": ""[4,5,14,22,30,31]""}}"
f00319c0-4d31-416a-94ad-87c212e409b4,SingleTask,1,PENDING,2026-03-09T17:11:28.475+01:00,"{""Position"": ""0"", ""Results"": """"}",,0,"{""id"": ""f00319c0-4d31-416a-94ad-87c212e409b4"", ""status"": ""COMPLETE"", ""error"": ""null"", ""outputs"": {""Position"": ""0"", ""Results"": """"}}"
f00319c0-4d31-416a-94ad-87c212e409b4,SingleTask,2,EXECUTE,2026-03-09T17:11:29.482+01:00,"{""Position"": ""0"", ""Results"": """"}",,0,"{""id"": ""f00319c0-4d31-416a-94ad-87c212e409b4"", ""status"": ""COMPLETE"", ""error"": ""null"", ""outputs"": {""Position"": ""0"", ""Results"": """"}}"
f00319c0-4d31-416a-94ad-87c212e409b4,SingleTask,3,COMPLETE,2026-03-09T17:11:31.498+01:00,"{""Position"": ""0"", ""Results"": """"}",,0,"{""id"": ""f00319c0-4d31-416a-94ad-87c212e409b4"", ""status"": ""COMPLETE"", ""error"": ""null"", ""outputs"": {""Position"": ""0"", ""Results"": """"}}"
87c4bf33-7ec9-4a96-9d87-85c79167203c,SingleTask,1,PENDING,2026-03-09T17:11:31.508+01:00,"{""Position"": ""0"", ""Results"": """"}",,0,"{""id"": ""87c4bf33-7ec9-4a96-9d87-85c79167203c"", ""status"": ""COMPLETE"", ""error"": ""null"", ""outputs"": {""Position"": ""0"", ""Results"": """"}}"
87c4bf33-7ec9-4a96-9d87-85c79167203c,SingleTask,2,EXECUTE,2026-03-09T17:11:32.514+01:00,"{""Position"": ""0"", ""Results"": """"}",,0,"{""id"": ""87c4bf33-7ec9-4a96-9d87-85c79167203c"", ""status"": ""COMPLETE"", ""error"": ""null"", ""outputs"": {""Position"": ""0"", ""Results"": """"}}"
87c4bf33-7ec9-4a96-9d87-85c79167203c,SingleTask,3,COMPLETE,2026-03-09T17:11:33.520+01:00,"{""Position"": ""0"", ""Results"": """"}",,0,"{""id"": ""87c4bf33-7ec9-4a96-9d87-85c79167203c"", ""status"": ""COMPLETE"", ""error"": ""null"", ""outputs"": {""Position"": ""0"", ""Results"": """"}}"
cb278e44-e8ac-4e81-97bf-2791dff6a674,ProcessAt3FingerStation,1,PENDING,2026-03-09T17:11:33.544+01:00,"{""Position"": ""0"", ""Results"": ""03""}",03,0,"{""id"": ""cb278e44-e8ac-4e81-97bf-2791dff6a674"", ""status"": ""COMPLETE"", ""error"": ""null"", ""outputs"": {""Position"": ""0"", ""Results"": ""03""}}"
cb278e44-e8ac-4e81-97bf-2791dff6a674,ProcessAt3FingerStation,2,EXECUTE,2026-03-09T17:11:34.551+01:00,"{""Position"": ""0"", ""Results"": ""03""}",03,0,"{""id"": ""cb278e44-e8ac-4e81-97bf-2791dff6a674"", ""status"": ""COMPLETE"", ""error"": ""null"", ""outputs"": {""Position"": ""0"", ""Results"": ""03""}}"
cb278e44-e8ac-4e81-97bf-2791dff6a674,ProcessAt3FingerStation,3,COMPLETE,2026-03-09T17:11:35.556+01:00,"{""Position"": ""0"", ""Results"": ""03""}",03,0,"{""id"": ""cb278e44-e8ac-4e81-97bf-2791dff6a674"", ""status"": ""COMPLETE"", ""error"": ""null"", ""outputs"": {""Position"": ""0"", ""Results"": ""03""}}"
e9cdd712-625c-4afe-88b0-3f6333180501,SingleTask,1,PENDING,2026-03-09T17:11:35.567+01:00,"{""Position"": ""0"", ""Results"": """"}",,0,"{""id"": ""e9cdd712-625c-4afe-88b0-3f6333180501"", ""status"": ""COMPLETE"", ""error"": ""null"", ""outputs"": {""Position"": ""0"", ""Results"": """"}}"
e9cdd712-625c-4afe-88b0-3f6333180501,SingleTask,2,EXECUTE,2026-03-09T17:11:36.571+01:00,"{""Position"": ""0"", ""Results"": """"}",,0,"{""id"": ""e9cdd712-625c-4afe-88b0-3f6333180501"", ""status"": ""COMPLETE"", ""error"": ""null"", ""outputs"": {""Position"": ""0"", ""Results"": """"}}"
e9cdd712-625c-4afe-88b0-3f6333180501,SingleTask,3,COMPLETE,2026-03-09T17:11:38.583+01:00,"{""Position"": ""0"", ""Results"": """"}",,0,"{""id"": ""e9cdd712-625c-4afe-88b0-3f6333180501"", ""status"": ""COMPLETE"", ""error"": ""null"", ""outputs"": {""Position"": ""0"", ""Results"": """"}}"
fbfb2db6-0c73-496f-89e6-246d3fdb5a86,SingleTask,1,PENDING,2026-03-09T17:11:38.592+01:00,"{""Position"": ""0"", ""Results"": """"}",,0,"{""id"": ""fbfb2db6-0c73-496f-89e6-246d3fdb5a86"", ""status"": ""COMPLETE"", ""error"": ""null"", ""outputs"": {""Position"": ""0"", ""Results"": """"}}"
fbfb2db6-0c73-496f-89e6-246d3fdb5a86,SingleTask,2,EXECUTE,2026-03-09T17:11:39.598+01:00,"{""Position"": ""0"", ""Results"": """"}",,0,"{""id"": ""fbfb2db6-0c73-496f-89e6-246d3fdb5a86"", ""status"": ""COMPLETE"", ""error"": ""null"", ""outputs"": {""Position"": ""0"", ""Results"": """"}}"
fbfb2db6-0c73-496f-89e6-246d3fdb5a86,SingleTask,3,COMPLETE,2026-03-09T17:11:40.606+01:00,"{""Position"": ""0"", ""Results"": """"}",,0,"{""id"": ""fbfb2db6-0c73-496f-89e6-246d3fdb5a86"", ""status"": ""COMPLETE"", ""error"": ""null"", ""outputs"": {""Position"": ""0"", ""Results"": """"}}"
4802b94e-9bd9-4c2b-8c18-4ddd865a11bb,SingleTask,1,PENDING,2026-03-09T17:11:40.625+01:00,"{""Position"": ""0"", ""Results"": """"}",,0,"{""id"": ""4802b94e-9bd9-4c2b-8c18-4ddd865a11bb"", ""status"": ""COMPLETE"", ""error"": ""null"", ""outputs"": {""Position"": ""0"", ""Results"": """"}}"
4802b94e-9bd9-4c2b-8c18-4ddd865a11bb,SingleTask,2,EXECUTE,2026-03-09T17:11:41.631+01:00,"{""Position"": ""0"", ""Results"": """"}",,0,"{""id"": ""4802b94e-9bd9-4c2b-8c18-4ddd865a11bb"", ""status"": ""COMPLETE"", ""error"": ""null"", ""outputs"": {""Position"": ""0"", ""Results"": """"}}"
4802b94e-9bd9-4c2b-8c18-4ddd865a11bb,SingleTask,3,COMPLETE,2026-03-09T17:11:42.636+01:00,"{""Position"": ""0"", ""Results"": """"}",,0,"{""id"": ""4802b94e-9bd9-4c2b-8c18-4ddd865a11bb"", ""status"": ""COMPLETE"", ""error"": ""null"", ""outputs"": {""Position"": ""0"", ""Results"": """"}}"
a8f641eb-94d5-42ab-8e65-a7407f82359b,SingleTask,1,PENDING,2026-03-09T17:11:42.650+01:00,"{""Position"": ""0"", ""Results"": """"}",,0,"{""id"": ""a8f641eb-94d5-42ab-8e65-a7407f82359b"", ""status"": ""COMPLETE"", ""error"": ""null"", ""outputs"": {""Position"": ""0"", ""Results"": """"}}"
a8f641eb-94d5-42ab-8e65-a7407f82359b,SingleTask,2,EXECUTE,2026-03-09T17:11:43.656+01:00,"{""Position"": ""0"", ""Results"": """"}",,0,"{""id"": ""a8f641eb-94d5-42ab-8e65-a7407f82359b"", ""status"": ""COMPLETE"", ""error"": ""null"", ""outputs"": {""Position"": ""0"", ""Results"": """"}}"
a8f641eb-94d5-42ab-8e65-a7407f82359b,SingleTask,3,COMPLETE,2026-03-09T17:11:45.667+01:00,"{""Position"": ""0"", ""Results"": """"}",,0,"{""id"": ""a8f641eb-94d5-42ab-8e65-a7407f82359b"", ""status"": ""COMPLETE"", ""error"": ""null"", ""outputs"": {""Position"": ""0"", ""Results"": """"}}"
f3d3df32-67c9-4aba-8029-a513d1871a03,ProcessAt3FingerStation,1,PENDING,2026-03-09T17:11:45.680+01:00,"{""Position"": ""0"", ""Results"": ""NONE""}",NONE,0,"{""id"": ""f3d3df32-67c9-4aba-8029-a513d1871a03"", ""status"": ""COMPLETE"", ""error"": ""null"", ""outputs"": {""Position"": ""0"", ""Results"": ""NONE""}}"
f3d3df32-67c9-4aba-8029-a513d1871a03,ProcessAt3FingerStation,2,EXECUTE,2026-03-09T17:11:46.689+01:00,"{""Position"": ""0"", ""Results"": ""NONE""}",NONE,0,"{""id"": ""f3d3df32-67c9-4aba-8029-a513d1871a03"", ""status"": ""COMPLETE"", ""error"": ""null"", ""outputs"": {""Position"": ""0"", ""Results"": ""NONE""}}"
f3d3df32-67c9-4aba-8029-a513d1871a03,ProcessAt3FingerStation,3,COMPLETE,2026-03-09T17:11:47.695+01:00,"{""Position"": ""0"", ""Results"": ""NONE""}",NONE,0,"{""id"": ""f3d3df32-67c9-4aba-8029-a513d1871a03"", ""status"": ""COMPLETE"", ""error"": ""null"", ""outputs"": {""Position"": ""0"", ""Results"": ""NONE""}}"
17f8914d-266b-4a6f-b47b-1b14690475bc,SingleTask,1,PENDING,2026-03-09T17:11:47.712+01:00,"{""Position"": ""0"", ""Results"": """"}",,0,"{""id"": ""17f8914d-266b-4a6f-b47b-1b14690475bc"", ""status"": ""COMPLETE"", ""error"": ""null"", ""outputs"": {""Position"": ""0"", ""Results"": """"}}"
17f8914d-266b-4a6f-b47b-1b14690475bc,SingleTask,2,EXECUTE,2026-03-09T17:11:48.718+01:00,"{""Position"": ""0"", ""Results"": """"}",,0,"{""id"": ""17f8914d-266b-4a6f-b47b-1b14690475bc"", ""status"": ""COMPLETE"", ""error"": ""null"", ""outputs"": {""Position"": ""0"", ""Results"": """"}}"
17f8914d-266b-4a6f-b47b-1b14690475bc,SingleTask,3,COMPLETE,2026-03-09T17:11:50.735+01:00,"{""Position"": ""0"", ""Results"": """"}",,0,"{""id"": ""17f8914d-266b-4a6f-b47b-1b14690475bc"", ""status"": ""COMPLETE"", ""error"": ""null"", ""outputs"": {""Position"": ""0"", ""Results"": """"}}"
f1a19da9-ae89-4e7b-8c59-be02a4dea72c,SingleTask,1,PENDING,2026-03-09T17:11:50.745+01:00,"{""Position"": ""0"", ""Results"": """"}",,0,"{""id"": ""f1a19da9-ae89-4e7b-8c59-be02a4dea72c"", ""status"": ""COMPLETE"", ""error"": ""null"", ""outputs"": {""Position"": ""0"", ""Results"": """"}}"
f1a19da9-ae89-4e7b-8c59-be02a4dea72c,SingleTask,2,EXECUTE,2026-03-09T17:11:51.750+01:00,"{""Position"": ""0"", ""Results"": """"}",,0,"{""id"": ""f1a19da9-ae89-4e7b-8c59-be02a4dea72c"", ""status"": ""COMPLETE"", ""error"": ""null"", ""outputs"": {""Position"": ""0"", ""Results"": """"}}"
f1a19da9-ae89-4e7b-8c59-be02a4dea72c,SingleTask,3,COMPLETE,2026-03-09T17:11:52.756+01:00,"{""Position"": ""0"", ""Results"": """"}",,0,"{""id"": ""f1a19da9-ae89-4e7b-8c59-be02a4dea72c"", ""status"": ""COMPLETE"", ""error"": ""null"", ""outputs"": {""Position"": ""0"", ""Results"": """"}}"
9e516e61-ac0d-4097-ad63-6536e1c1dbdf,SingleTask,1,PENDING,2026-03-09T17:11:52.775+01:00,"{""Position"": ""0"", ""Results"": """"}",,0,"{""id"": ""9e516e61-ac0d-4097-ad63-6536e1c1dbdf"", ""status"": ""COMPLETE"", ""error"": ""null"", ""outputs"": {""Position"": ""0"", ""Results"": """"}}"
9e516e61-ac0d-4097-ad63-6536e1c1dbdf,SingleTask,2,EXECUTE,2026-03-09T17:11:53.782+01:00,"{""Position"": ""0"", ""Results"": """"}",,0,"{""id"": ""9e516e61-ac0d-4097-ad63-6536e1c1dbdf"", ""status"": ""COMPLETE"", ""error"": ""null"", ""outputs"": {""Position"": ""0"", ""Results"": """"}}"
9e516e61-ac0d-4097-ad63-6536e1c1dbdf,SingleTask,3,COMPLETE,2026-03-09T17:11:54.787+01:00,"{""Position"": ""0"", ""Results"": """"}",,0,"{""id"": ""9e516e61-ac0d-4097-ad63-6536e1c1dbdf"", ""status"": ""COMPLETE"", ""error"": ""null"", ""outputs"": {""Position"": ""0"", ""Results"": """"}}"
55afba77-cff9-4d11-94b0-3d79d3683a3b,SingleTask,1,PENDING,2026-03-09T17:11:54.799+01:00,"{""Position"": ""0"", ""Results"": """"}",,0,"{""id"": ""55afba77-cff9-4d11-94b0-3d79d3683a3b"", ""status"": ""COMPLETE"", ""error"": ""null"", ""outputs"": {""Position"": ""0"", ""Results"": """"}}"
55afba77-cff9-4d11-94b0-3d79d3683a3b,SingleTask,2,EXECUTE,2026-03-09T17:11:55.808+01:00,"{""Position"": ""0"", ""Results"": """"}",,0,"{""id"": ""55afba77-cff9-4d11-94b0-3d79d3683a3b"", ""status"": ""COMPLETE"", ""error"": ""null"", ""outputs"": {""Position"": ""0"", ""Results"": """"}}"
55afba77-cff9-4d11-94b0-3d79d3683a3b,SingleTask,3,COMPLETE,2026-03-09T17:11:57.818+01:00,"{""Position"": ""0"", ""Results"": """"}",,0,"{""id"": ""55afba77-cff9-4d11-94b0-3d79d3683a3b"", ""status"": ""COMPLETE"", ""error"": ""null"", ""outputs"": {""Position"": ""0"", ""Results"": """"}}"
c40f9f78-2ea9-4b20-b1e5-abf93d9f4041,ProcessAt3FingerStation,1,PENDING,2026-03-09T17:11:57.832+01:00,"{""Position"": ""0"", ""Results"": ""02""}",02,0,"{""id"": ""c40f9f78-2ea9-4b20-b1e5-abf93d9f4041"", ""status"": ""COMPLETE"", ""error"": ""null"", ""outputs"": {""Position"": ""0"", ""Results"": ""02""}}"
c40f9f78-2ea9-4b20-b1e5-abf93d9f4041,ProcessAt3FingerStation,2,EXECUTE,2026-03-09T17:11:58.837+01:00,"{""Position"": ""0"", ""Results"": ""02""}",02,0,"{""id"": ""c40f9f78-2ea9-4b20-b1e5-abf93d9f4041"", ""status"": ""COMPLETE"", ""error"": ""null"", ""outputs"": {""Position"": ""0"", ""Results"": ""02""}}"
c40f9f78-2ea9-4b20-b1e5-abf93d9f4041,ProcessAt3FingerStation,3,COMPLETE,2026-03-09T17:12:00.851+01:00,"{""Position"": ""0"", ""Results"": ""02""}",02,0,"{""id"": ""c40f9f78-2ea9-4b20-b1e5-abf93d9f4041"", ""status"": ""COMPLETE"", ""error"": ""null"", ""outputs"": {""Position"": ""0"", ""Results"": ""02""}}"
20c29500-3d3d-4a27-8c80-3490545921cc,SingleTask,1,PENDING,2026-03-09T17:12:00.862+01:00,"{""Position"": ""0"", ""Results"": """"}",,0,"{""id"": ""20c29500-3d3d-4a27-8c80-3490545921cc"", ""status"": ""COMPLETE"", ""error"": ""null"", ""outputs"": {""Position"": ""0"", ""Results"": """"}}"
20c29500-3d3d-4a27-8c80-3490545921cc,SingleTask,2,EXECUTE,2026-03-09T17:12:01.867+01:00,"{""Position"": ""0"", ""Results"": """"}",,0,"{""id"": ""20c29500-3d3d-4a27-8c80-3490545921cc"", ""status"": ""COMPLETE"", ""error"": ""null"", ""outputs"": {""Position"": ""0"", ""Results"": """"}}"
20c29500-3d3d-4a27-8c80-3490545921cc,SingleTask,3,COMPLETE,2026-03-09T17:12:02.875+01:00,"{""Position"": ""0"", ""Results"": """"}",,0,"{""id"": ""20c29500-3d3d-4a27-8c80-3490545921cc"", ""status"": ""COMPLETE"", ""error"": ""null"", ""outputs"": {""Position"": ""0"", ""Results"": """"}}"
d9aaff83-0551-442c-881a-8d3d1634a866,SingleTask,1,PENDING,2026-03-09T17:12:02.888+01:00,"{""Position"": ""0"", ""Results"": """"}",,0,"{""id"": ""d9aaff83-0551-442c-881a-8d3d1634a866"", ""status"": ""COMPLETE"", ""error"": ""null"", ""outputs"": {""Position"": ""0"", ""Results"": """"}}"
d9aaff83-0551-442c-881a-8d3d1634a866,SingleTask,2,EXECUTE,2026-03-09T17:12:03.894+01:00,"{""Position"": ""0"", ""Results"": """"}",,0,"{""id"": ""d9aaff83-0551-442c-881a-8d3d1634a866"", ""status"": ""COMPLETE"", ""error"": ""null"", ""outputs"": {""Position"": ""0"", ""Results"": """"}}"
d9aaff83-0551-442c-881a-8d3d1634a866,SingleTask,3,COMPLETE,2026-03-09T17:12:05.905+01:00,"{""Position"": ""0"", ""Results"": """"}",,0,"{""id"": ""d9aaff83-0551-442c-881a-8d3d1634a866"", ""status"": ""COMPLETE"", ""error"": ""null"", ""outputs"": {""Position"": ""0"", ""Results"": """"}}"
0a38e3c8-7efa-49ab-af72-659bbbb26364,SingleTask,1,PENDING,2026-03-09T17:12:05.926+01:00,"{""Position"": ""0"", ""Results"": """"}",,0,"{""id"": ""0a38e3c8-7efa-49ab-af72-659bbbb26364"", ""status"": ""COMPLETE"", ""error"": ""null"", ""outputs"": {""Position"": ""0"", ""Results"": """"}}"
0a38e3c8-7efa-49ab-af72-659bbbb26364,SingleTask,2,EXECUTE,2026-03-09T17:12:06.933+01:00,"{""Position"": ""0"", ""Results"": """"}",,0,"{""id"": ""0a38e3c8-7efa-49ab-af72-659bbbb26364"", ""status"": ""COMPLETE"", ""error"": ""null"", ""outputs"": {""Position"": ""0"", ""Results"": """"}}"
0a38e3c8-7efa-49ab-af72-659bbbb26364,SingleTask,3,COMPLETE,2026-03-09T17:12:08.944+01:00,"{""Position"": ""0"", ""Results"": """"}",,0,"{""id"": ""0a38e3c8-7efa-49ab-af72-659bbbb26364"", ""status"": ""COMPLETE"", ""error"": ""null"", ""outputs"": {""Position"": ""0"", ""Results"": """"}}"
59a61980-70d0-419d-a79f-23f85ded2c11,SingleTask,1,PENDING,2026-03-09T17:12:08.953+01:00,"{""Position"": ""0"", ""Results"": """"}",,0,"{""id"": ""59a61980-70d0-419d-a79f-23f85ded2c11"", ""status"": ""COMPLETE"", ""error"": ""null"", ""outputs"": {""Position"": ""0"", ""Results"": """"}}"
59a61980-70d0-419d-a79f-23f85ded2c11,SingleTask,2,EXECUTE,2026-03-09T17:12:09.961+01:00,"{""Position"": ""0"", ""Results"": """"}",,0,"{""id"": ""59a61980-70d0-419d-a79f-23f85ded2c11"", ""status"": ""COMPLETE"", ""error"": ""null"", ""outputs"": {""Position"": ""0"", ""Results"": """"}}"
59a61980-70d0-419d-a79f-23f85ded2c11,SingleTask,3,COMPLETE,2026-03-09T17:12:11.973+01:00,"{""Position"": ""0"", ""Results"": """"}",,0,"{""id"": ""59a61980-70d0-419d-a79f-23f85ded2c11"", ""status"": ""COMPLETE"", ""error"": ""null"", ""outputs"": {""Position"": ""0"", ""Results"": """"}}"
039073f8-01bd-4394-8f03-2b8234acf8e3,ProcessAt3FingerStation,1,PENDING,2026-03-09T17:12:11.987+01:00,"{""Position"": ""0"", ""Results"": ""01""}",01,0,"{""id"": ""039073f8-01bd-4394-8f03-2b8234acf8e3"", ""status"": ""COMPLETE"", ""error"": ""null"", ""outputs"": {""Position"": ""0"", ""Results"": ""01""}}"
039073f8-01bd-4394-8f03-2b8234acf8e3,ProcessAt3FingerStation,2,EXECUTE,2026-03-09T17:12:12.994+01:00,"{""Position"": ""0"", ""Results"": ""01""}",01,0,"{""id"": ""039073f8-01bd-4394-8f03-2b8234acf8e3"", ""status"": ""COMPLETE"", ""error"": ""null"", ""outputs"": {""Position"": ""0"", ""Results"": ""01""}}"
039073f8-01bd-4394-8f03-2b8234acf8e3,ProcessAt3FingerStation,3,COMPLETE,2026-03-09T17:12:15.007+01:00,"{""Position"": ""0"", ""Results"": ""01""}",01,0,"{""id"": ""039073f8-01bd-4394-8f03-2b8234acf8e3"", ""status"": ""COMPLETE"", ""error"": ""null"", ""outputs"": {""Position"": ""0"", ""Results"": ""01""}}"
a592ef84-5130-4bfb-a154-e5b477dc1cb6,SingleTask,1,PENDING,2026-03-09T17:12:15.017+01:00,"{""Position"": ""0"", ""Results"": """"}",,0,"{""id"": ""a592ef84-5130-4bfb-a154-e5b477dc1cb6"", ""status"": ""COMPLETE"", ""error"": ""null"", ""outputs"": {""Position"": ""0"", ""Results"": """"}}"
a592ef84-5130-4bfb-a154-e5b477dc1cb6,SingleTask,2,EXECUTE,2026-03-09T17:12:16.024+01:00,"{""Position"": ""0"", ""Results"": """"}",,0,"{""id"": ""a592ef84-5130-4bfb-a154-e5b477dc1cb6"", ""status"": ""COMPLETE"", ""error"": ""null"", ""outputs"": {""Position"": ""0"", ""Results"": """"}}"
a592ef84-5130-4bfb-a154-e5b477dc1cb6,SingleTask,3,COMPLETE,2026-03-09T17:12:17.030+01:00,"{""Position"": ""0"", ""Results"": """"}",,0,"{""id"": ""a592ef84-5130-4bfb-a154-e5b477dc1cb6"", ""status"": ""COMPLETE"", ""error"": ""null"", ""outputs"": {""Position"": ""0"", ""Results"": """"}}"
24debe0d-b99f-4604-b21d-6a52c47bc2be,SingleTask,1,PENDING,2026-03-09T17:12:17.041+01:00,"{""Position"": ""0"", ""Results"": """"}",,0,"{""id"": ""24debe0d-b99f-4604-b21d-6a52c47bc2be"", ""status"": ""COMPLETE"", ""error"": ""null"", ""outputs"": {""Position"": ""0"", ""Results"": """"}}"
24debe0d-b99f-4604-b21d-6a52c47bc2be,SingleTask,2,EXECUTE,2026-03-09T17:12:18.046+01:00,"{""Position"": ""0"", ""Results"": """"}",,0,"{""id"": ""24debe0d-b99f-4604-b21d-6a52c47bc2be"", ""status"": ""COMPLETE"", ""error"": ""null"", ""outputs"": {""Position"": ""0"", ""Results"": """"}}"
24debe0d-b99f-4604-b21d-6a52c47bc2be,SingleTask,3,COMPLETE,2026-03-09T17:12:20.059+01:00,"{""Position"": ""0"", ""Results"": """"}",,0,"{""id"": ""24debe0d-b99f-4604-b21d-6a52c47bc2be"", ""status"": ""COMPLETE"", ""error"": ""null"", ""outputs"": {""Position"": ""0"", ""Results"": """"}}"
0f75fab9-28fd-4d1a-bbcd-a078261af158,SingleTask,1,PENDING,2026-03-09T17:12:20.077+01:00,"{""Position"": ""0"", ""Results"": """"}",,0,"{""id"": ""0f75fab9-28fd-4d1a-bbcd-a078261af158"", ""status"": ""COMPLETE"", ""error"": ""null"", ""outputs"": {""Position"": ""0"", ""Results"": """"}}"
0f75fab9-28fd-4d1a-bbcd-a078261af158,SingleTask,2,EXECUTE,2026-03-09T17:12:21.085+01:00,"{""Position"": ""0"", ""Results"": """"}",,0,"{""id"": ""0f75fab9-28fd-4d1a-bbcd-a078261af158"", ""status"": ""COMPLETE"", ""error"": ""null"", ""outputs"": {""Position"": ""0"", ""Results"": """"}}"
0f75fab9-28fd-4d1a-bbcd-a078261af158,SingleTask,3,COMPLETE,2026-03-09T17:12:23.100+01:00,"{""Position"": ""0"", ""Results"": """"}",,0,"{""id"": ""0f75fab9-28fd-4d1a-bbcd-a078261af158"", ""status"": ""COMPLETE"", ""error"": ""null"", ""outputs"": {""Position"": ""0"", ""Results"": """"}}"
6f24e367-c19b-4458-993e-f8f0818574b2,SingleTask,1,PENDING,2026-03-09T17:12:23.112+01:00,"{""Position"": ""0"", ""Results"": """"}",,0,"{""id"": ""6f24e367-c19b-4458-993e-f8f0818574b2"", ""status"": ""COMPLETE"", ""error"": ""null"", ""outputs"": {""Position"": ""0"", ""Results"": """"}}"
6f24e367-c19b-4458-993e-f8f0818574b2,SingleTask,2,EXECUTE,2026-03-09T17:12:24.118+01:00,"{""Position"": ""0"", ""Results"": """"}",,0,"{""id"": ""6f24e367-c19b-4458-993e-f8f0818574b2"", ""status"": ""COMPLETE"", ""error"": ""null"", ""outputs"": {""Position"": ""0"", ""Results"": """"}}"
6f24e367-c19b-4458-993e-f8f0818574b2,SingleTask,3,COMPLETE,2026-03-09T17:12:26.131+01:00,"{""Position"": ""0"", ""Results"": """"}",,0,"{""id"": ""6f24e367-c19b-4458-993e-f8f0818574b2"", ""status"": ""COMPLETE"", ""error"": ""null"", ""outputs"": {""Position"": ""0"", ""Results"": """"}}"
b0990d29-0bff-490a-b175-20a7c506b158,ProcessAt3FingerStation,1,PENDING,2026-03-09T17:12:26.146+01:00,"{""Position"": ""0"", ""Results"": ""02""}",02,0,"{""id"": ""b0990d29-0bff-490a-b175-20a7c506b158"", ""status"": ""COMPLETE"", ""error"": ""null"", ""outputs"": {""Position"": ""0"", ""Results"": ""02""}}"
b0990d29-0bff-490a-b175-20a7c506b158,ProcessAt3FingerStation,2,EXECUTE,2026-03-09T17:12:27.151+01:00,"{""Position"": ""0"", ""Results"": ""02""}",02,0,"{""id"": ""b0990d29-0bff-490a-b175-20a7c506b158"", ""status"": ""COMPLETE"", ""error"": ""null"", ""outputs"": {""Position"": ""0"", ""Results"": ""02""}}"
b0990d29-0bff-490a-b175-20a7c506b158,ProcessAt3FingerStation,3,COMPLETE,2026-03-09T17:12:29.166+01:00,"{""Position"": ""0"", ""Results"": ""02""}",02,0,"{""id"": ""b0990d29-0bff-490a-b175-20a7c506b158"", ""status"": ""COMPLETE"", ""error"": ""null"", ""outputs"": {""Position"": ""0"", ""Results"": ""02""}}"
89d73d6f-2dc8-4a40-a353-0844851118d5,SingleTask,1,PENDING,2026-03-09T17:12:29.178+01:00,"{""Position"": ""0"", ""Results"": """"}",,0,"{""id"": ""89d73d6f-2dc8-4a40-a353-0844851118d5"", ""status"": ""COMPLETE"", ""error"": ""null"", ""outputs"": {""Position"": ""0"", ""Results"": """"}}"
89d73d6f-2dc8-4a40-a353-0844851118d5,SingleTask,2,EXECUTE,2026-03-09T17:12:30.184+01:00,"{""Position"": ""0"", ""Results"": """"}",,0,"{""id"": ""89d73d6f-2dc8-4a40-a353-0844851118d5"", ""status"": ""COMPLETE"", ""error"": ""null"", ""outputs"": {""Position"": ""0"", ""Results"": """"}}"
89d73d6f-2dc8-4a40-a353-0844851118d5,SingleTask,3,COMPLETE,2026-03-09T17:12:32.199+01:00,"{""Position"": ""0"", ""Results"": """"}",,0,"{""id"": ""89d73d6f-2dc8-4a40-a353-0844851118d5"", ""status"": ""COMPLETE"", ""error"": ""null"", ""outputs"": {""Position"": ""0"", ""Results"": """"}}"
e8d6b2b5-d4f5-4efc-9545-b49005fc1939,SingleTask,1,PENDING,2026-03-09T17:12:32.211+01:00,"{""Position"": ""0"", ""Results"": """"}",,0,"{""id"": ""e8d6b2b5-d4f5-4efc-9545-b49005fc1939"", ""status"": ""COMPLETE"", ""error"": ""null"", ""outputs"": {""Position"": ""0"", ""Results"": """"}}"
e8d6b2b5-d4f5-4efc-9545-b49005fc1939,SingleTask,2,EXECUTE,2026-03-09T17:12:33.218+01:00,"{""Position"": ""0"", ""Results"": """"}",,0,"{""id"": ""e8d6b2b5-d4f5-4efc-9545-b49005fc1939"", ""status"": ""COMPLETE"", ""error"": ""null"", ""outputs"": {""Position"": ""0"", ""Results"": """"}}"
e8d6b2b5-d4f5-4efc-9545-b49005fc1939,SingleTask,3,COMPLETE,2026-03-09T17:12:34.224+01:00,"{""Position"": ""0"", ""Results"": """"}",,0,"{""id"": ""e8d6b2b5-d4f5-4efc-9545-b49005fc1939"", ""status"": ""COMPLETE"", ""error"": ""null"", ""outputs"": {""Position"": ""0"", ""Results"": """"}}"
6410ab9e-6346-4ee0-a635-b8d29c85a22a,SingleTask,1,PENDING,2026-03-09T17:12:34.257+01:00,"{""Position"": ""0"", ""Results"": """"}",,0,"{""id"": ""6410ab9e-6346-4ee0-a635-b8d29c85a22a"", ""status"": ""COMPLETE"", ""error"": ""null"", ""outputs"": {""Position"": ""0"", ""Results"": """"}}"
6410ab9e-6346-4ee0-a635-b8d29c85a22a,SingleTask,2,EXECUTE,2026-03-09T17:12:35.263+01:00,"{""Position"": ""0"", ""Results"": """"}",,0,"{""id"": ""6410ab9e-6346-4ee0-a635-b8d29c85a22a"", ""status"": ""COMPLETE"", ""error"": ""null"", ""outputs"": {""Position"": ""0"", ""Results"": """"}}"
6410ab9e-6346-4ee0-a635-b8d29c85a22a,SingleTask,3,COMPLETE,2026-03-09T17:12:36.273+01:00,"{""Position"": ""0"", ""Results"": """"}",,0,"{""id"": ""6410ab9e-6346-4ee0-a635-b8d29c85a22a"", ""status"": ""COMPLETE"", ""error"": ""null"", ""outputs"": {""Position"": ""0"", ""Results"": """"}}"
eaf99607-e5f9-4156-913b-d20176b975a1,SingleTask,1,PENDING,2026-03-09T17:12:36.283+01:00,"{""Position"": ""0"", ""Results"": """"}",,0,"{""id"": ""eaf99607-e5f9-4156-913b-d20176b975a1"", ""status"": ""COMPLETE"", ""error"": ""null"", ""outputs"": {""Position"": ""0"", ""Results"": """"}}"
eaf99607-e5f9-4156-913b-d20176b975a1,SingleTask,2,EXECUTE,2026-03-09T17:12:37.291+01:00,"{""Position"": ""0"", ""Results"": """"}",,0,"{""id"": ""eaf99607-e5f9-4156-913b-d20176b975a1"", ""status"": ""COMPLETE"", ""error"": ""null"", ""outputs"": {""Position"": ""0"", ""Results"": """"}}"
eaf99607-e5f9-4156-913b-d20176b975a1,SingleTask,3,COMPLETE,2026-03-09T17:12:39.302+01:00,"{""Position"": ""0"", ""Results"": """"}",,0,"{""id"": ""eaf99607-e5f9-4156-913b-d20176b975a1"", ""status"": ""COMPLETE"", ""error"": ""null"", ""outputs"": {""Position"": ""0"", ""Results"": """"}}"
cbc178f0-1a6f-4d7b-9b21-47d61466db90,ProcessAt3FingerStation,1,PENDING,2026-03-09T17:12:39.317+01:00,"{""Position"": ""0"", ""Results"": ""03""}",03,0,"{""id"": ""cbc178f0-1a6f-4d7b-9b21-47d61466db90"", ""status"": ""COMPLETE"", ""error"": ""null"", ""outputs"": {""Position"": ""0"", ""Results"": ""03""}}"
cbc178f0-1a6f-4d7b-9b21-47d61466db90,ProcessAt3FingerStation,2,EXECUTE,2026-03-09T17:12:40.322+01:00,"{""Position"": ""0"", ""Results"": ""03""}",03,0,"{""id"": ""cbc178f0-1a6f-4d7b-9b21-47d61466db90"", ""status"": ""COMPLETE"", ""error"": ""null"", ""outputs"": {""Position"": ""0"", ""Results"": ""03""}}"
cbc178f0-1a6f-4d7b-9b21-47d61466db90,ProcessAt3FingerStation,3,COMPLETE,2026-03-09T17:12:41.328+01:00,"{""Position"": ""0"", ""Results"": ""03""}",03,0,"{""id"": ""cbc178f0-1a6f-4d7b-9b21-47d61466db90"", ""status"": ""COMPLETE"", ""error"": ""null"", ""outputs"": {""Position"": ""0"", ""Results"": ""03""}}"
fa28e673-cdf2-48ea-b197-588927e0249f,SingleTask,1,PENDING,2026-03-09T17:12:41.341+01:00,"{""Position"": ""0"", ""Results"": """"}",,0,"{""id"": ""fa28e673-cdf2-48ea-b197-588927e0249f"", ""status"": ""COMPLETE"", ""error"": ""null"", ""outputs"": {""Position"": ""0"", ""Results"": """"}}"
fa28e673-cdf2-48ea-b197-588927e0249f,SingleTask,2,EXECUTE,2026-03-09T17:12:42.346+01:00,"{""Position"": ""0"", ""Results"": """"}",,0,"{""id"": ""fa28e673-cdf2-48ea-b197-588927e0249f"", ""status"": ""COMPLETE"", ""error"": ""null"", ""outputs"": {""Position"": ""0"", ""Results"": """"}}"
fa28e673-cdf2-48ea-b197-588927e0249f,SingleTask,3,COMPLETE,2026-03-09T17:12:43.353+01:00,"{""Position"": ""0"", ""Results"": """"}",,0,"{""id"": ""fa28e673-cdf2-48ea-b197-588927e0249f"", ""status"": ""COMPLETE"", ""error"": ""null"", ""outputs"": {""Position"": ""0"", ""Results"": """"}}"
33bca4bd-46b6-4e36-b150-2759be306649,SingleTask,1,PENDING,2026-03-09T17:12:43.364+01:00,"{""Position"": ""0"", ""Results"": """"}",,0,"{""id"": ""33bca4bd-46b6-4e36-b150-2759be306649"", ""status"": ""COMPLETE"", ""error"": ""null"", ""outputs"": {""Position"": ""0"", ""Results"": """"}}"
33bca4bd-46b6-4e36-b150-2759be306649,SingleTask,2,EXECUTE,2026-03-09T17:12:44.371+01:00,"{""Position"": ""0"", ""Results"": """"}",,0,"{""id"": ""33bca4bd-46b6-4e36-b150-2759be306649"", ""status"": ""COMPLETE"", ""error"": ""null"", ""outputs"": {""Position"": ""0"", ""Results"": """"}}"
33bca4bd-46b6-4e36-b150-2759be306649,SingleTask,3,COMPLETE,2026-03-09T17:12:46.383+01:00,"{""Position"": ""0"", ""Results"": """"}",,0,"{""id"": ""33bca4bd-46b6-4e36-b150-2759be306649"", ""status"": ""COMPLETE"", ""error"": ""null"", ""outputs"": {""Position"": ""0"", ""Results"": """"}}"
7166bebb-6cb3-426f-944e-8211e42eac33,SingleDeviceAction,1,PENDING,2026-03-09T17:17:04.995+01:00,"{""Position"": ""0"", ""Results"": ""p[0, 0, 0, 0, 0, 0]""}","p[0, 0, 0, 0, 0, 0]",0,"{""id"": ""7166bebb-6cb3-426f-944e-8211e42eac33"", ""status"": ""COMPLETE"", ""error"": ""null"", ""outputs"": {""Position"": ""0"", ""Results"": ""p[0, 0, 0, 0, 0, 0]""}}"
7166bebb-6cb3-426f-944e-8211e42eac33,SingleDeviceAction,2,EXECUTE,2026-03-09T17:17:06.002+01:00,"{""Position"": ""0"", ""Results"": ""p[0, 0, 0, 0, 0, 0]""}","p[0, 0, 0, 0, 0, 0]",0,"{""id"": ""7166bebb-6cb3-426f-944e-8211e42eac33"", ""status"": ""COMPLETE"", ""error"": ""null"", ""outputs"": {""Position"": ""0"", ""Results"": ""p[0, 0, 0, 0, 0, 0]""}}"
7166bebb-6cb3-426f-944e-8211e42eac33,SingleDeviceAction,3,COMPLETE,2026-03-09T17:17:07.021+01:00,"{""Position"": ""0"", ""Results"": ""p[0, 0, 0, 0, 0, 0]""}","p[0, 0, 0, 0, 0, 0]",0,"{""id"": ""7166bebb-6cb3-426f-944e-8211e42eac33"", ""status"": ""COMPLETE"", ""error"": ""null"", ""outputs"": {""Position"": ""0"", ""Results"": ""p[0, 0, 0, 0, 0, 0]""}}"
ba56b64b-5285-4154-b941-3ca409fc16f3,SingleTask,1,PENDING,2026-03-09T17:17:07.034+01:00,"{""Position"": ""0"", ""Results"": """"}",,0,"{""id"": ""ba56b64b-5285-4154-b941-3ca409fc16f3"", ""status"": ""COMPLETE"", ""error"": ""null"", ""outputs"": {""Position"": ""0"", ""Results"": """"}}"
ba56b64b-5285-4154-b941-3ca409fc16f3,SingleTask,2,EXECUTE,2026-03-09T17:17:08.039+01:00,"{""Position"": ""0"", ""Results"": """"}",,0,"{""id"": ""ba56b64b-5285-4154-b941-3ca409fc16f3"", ""status"": ""COMPLETE"", ""error"": ""null"", ""outputs"": {""Position"": ""0"", ""Results"": """"}}"
ba56b64b-5285-4154-b941-3ca409fc16f3,SingleTask,3,COMPLETE,2026-03-09T17:17:10.055+01:00,"{""Position"": ""0"", ""Results"": """"}",,0,"{""id"": ""ba56b64b-5285-4154-b941-3ca409fc16f3"", ""status"": ""COMPLETE"", ""error"": ""null"", ""outputs"": {""Position"": ""0"", ""Results"": """"}}"
2fb58f8e-6a05-45bd-a528-73bfb952f64c,SingleTask,1,PENDING,2026-03-09T17:17:10.066+01:00,"{""Position"": ""0"", ""Results"": """"}",,0,"{""id"": ""2fb58f8e-6a05-45bd-a528-73bfb952f64c"", ""status"": ""COMPLETE"", ""error"": ""null"", ""outputs"": {""Position"": ""0"", ""Results"": """"}}"
2fb58f8e-6a05-45bd-a528-73bfb952f64c,SingleTask,2,EXECUTE,2026-03-09T17:17:11.073+01:00,"{""Position"": ""0"", ""Results"": """"}",,0,"{""id"": ""2fb58f8e-6a05-45bd-a528-73bfb952f64c"", ""status"": ""COMPLETE"", ""error"": ""null"", ""outputs"": {""Position"": ""0"", ""Results"": """"}}"
2fb58f8e-6a05-45bd-a528-73bfb952f64c,SingleTask,3,COMPLETE,2026-03-09T17:17:13.085+01:00,"{""Position"": ""0"", ""Results"": """"}",,0,"{""id"": ""2fb58f8e-6a05-45bd-a528-73bfb952f64c"", ""status"": ""COMPLETE"", ""error"": ""null"", ""outputs"": {""Position"": ""0"", ""Results"": """"}}"
a2f8e26f-4bcd-40cc-9fab-d02d7e57a586,SingleTask,1,PENDING,2026-03-09T17:17:13.100+01:00,"{""Position"": ""0"", ""Results"": """"}",,0,"{""id"": ""a2f8e26f-4bcd-40cc-9fab-d02d7e57a586"", ""status"": ""COMPLETE"", ""error"": ""null"", ""outputs"": {""Position"": ""0"", ""Results"": """"}}"
a2f8e26f-4bcd-40cc-9fab-d02d7e57a586,SingleTask,2,EXECUTE,2026-03-09T17:17:14.106+01:00,"{""Position"": ""0"", ""Results"": """"}",,0,"{""id"": ""a2f8e26f-4bcd-40cc-9fab-d02d7e57a586"", ""status"": ""COMPLETE"", ""error"": ""null"", ""outputs"": {""Position"": ""0"", ""Results"": """"}}"
a2f8e26f-4bcd-40cc-9fab-d02d7e57a586,SingleTask,3,COMPLETE,2026-03-09T17:17:15.112+01:00,"{""Position"": ""0"", ""Results"": """"}",,0,"{""id"": ""a2f8e26f-4bcd-40cc-9fab-d02d7e57a586"", ""status"": ""COMPLETE"", ""error"": ""null"", ""outputs"": {""Position"": ""0"", ""Results"": """"}}"
e8f85779-3c24-4cd3-b937-6b5421adcf6f,SingleTask,1,PENDING,2026-03-09T17:17:15.122+01:00,"{""Position"": ""0"", ""Results"": """"}",,0,"{""id"": ""e8f85779-3c24-4cd3-b937-6b5421adcf6f"", ""status"": ""COMPLETE"", ""error"": ""null"", ""outputs"": {""Position"": ""0"", ""Results"": """"}}"
e8f85779-3c24-4cd3-b937-6b5421adcf6f,SingleTask,2,EXECUTE,2026-03-09T17:17:16.128+01:00,"{""Position"": ""0"", ""Results"": """"}",,0,"{""id"": ""e8f85779-3c24-4cd3-b937-6b5421adcf6f"", ""status"": ""COMPLETE"", ""error"": ""null"", ""outputs"": {""Position"": ""0"", ""Results"": """"}}"
e8f85779-3c24-4cd3-b937-6b5421adcf6f,SingleTask,3,COMPLETE,2026-03-09T17:17:18.139+01:00,"{""Position"": ""0"", ""Results"": """"}",,0,"{""id"": ""e8f85779-3c24-4cd3-b937-6b5421adcf6f"", ""status"": ""COMPLETE"", ""error"": ""null"", ""outputs"": {""Position"": ""0"", ""Results"": """"}}"
4d401e16-e045-430c-a779-5f54b4d77aca,SingleDeviceAction,1,EXECUTE,2026-03-09T17:17:19.165+01:00,"{""Position"": ""0"", ""Results"": """"}",,0,"{""id"": ""4d401e16-e045-430c-a779-5f54b4d77aca"", ""status"": ""COMPLETE"", ""error"": ""null"", ""outputs"": {""Position"": ""0"", ""Results"": """"}}"
4d401e16-e045-430c-a779-5f54b4d77aca,SingleDeviceAction,2,COMPLETE,2026-03-09T17:17:21.177+01:00,"{""Position"": ""0"", ""Results"": """"}",,0,"{""id"": ""4d401e16-e045-430c-a779-5f54b4d77aca"", ""status"": ""COMPLETE"", ""error"": ""null"", ""outputs"": {""Position"": ""0"", ""Results"": """"}}"
12fd0bdb-5c69-4314-bb27-f6076f77b001,SingleDeviceAction,1,PENDING,2026-03-09T17:17:21.187+01:00,"{""Position"": ""0"", ""Results"": ""Success""}",Success,0,"{""id"": ""12fd0bdb-5c69-4314-bb27-f6076f77b001"", ""status"": ""COMPLETE"", ""error"": ""null"", ""outputs"": {""Position"": ""0"", ""Results"": ""Success""}}"
12fd0bdb-5c69-4314-bb27-f6076f77b001,SingleDeviceAction,2,EXECUTE,2026-03-09T17:17:22.194+01:00,"{""Position"": ""0"", ""Results"": ""Success""}",Success,0,"{""id"": ""12fd0bdb-5c69-4314-bb27-f6076f77b001"", ""status"": ""COMPLETE"", ""error"": ""null"", ""outputs"": {""Position"": ""0"", ""Results"": ""Success""}}"
12fd0bdb-5c69-4314-bb27-f6076f77b001,SingleDeviceAction,3,COMPLETE,2026-03-09T17:17:23.201+01:00,"{""Position"": ""0"", ""Results"": ""Success""}",Success,0,"{""id"": ""12fd0bdb-5c69-4314-bb27-f6076f77b001"", ""status"": ""COMPLETE"", ""error"": ""null"", ""outputs"": {""Position"": ""0"", ""Results"": ""Success""}}"
92032575-d379-45c6-959c-5284b016006f,SingleTask,1,PENDING,2026-03-09T17:17:23.212+01:00,"{""Position"": ""0"", ""Results"": """"}",,0,"{""id"": ""92032575-d379-45c6-959c-5284b016006f"", ""status"": ""COMPLETE"", ""error"": ""null"", ""outputs"": {""Position"": ""0"", ""Results"": """"}}"
92032575-d379-45c6-959c-5284b016006f,SingleTask,2,EXECUTE,2026-03-09T17:17:24.219+01:00,"{""Position"": ""0"", ""Results"": """"}",,0,"{""id"": ""92032575-d379-45c6-959c-5284b016006f"", ""status"": ""COMPLETE"", ""error"": ""null"", ""outputs"": {""Position"": ""0"", ""Results"": """"}}"
92032575-d379-45c6-959c-5284b016006f,SingleTask,3,COMPLETE,2026-03-09T17:17:25.225+01:00,"{""Position"": ""0"", ""Results"": """"}",,0,"{""id"": ""92032575-d379-45c6-959c-5284b016006f"", ""status"": ""COMPLETE"", ""error"": ""null"", ""outputs"": {""Position"": ""0"", ""Results"": """"}}"
50d9f359-d90c-4076-91b2-6869260cf858,SingleTask,1,PENDING,2026-03-09T17:17:25.237+01:00,"{""Position"": ""0"", ""Results"": """"}",,0,"{""id"": ""50d9f359-d90c-4076-91b2-6869260cf858"", ""status"": ""COMPLETE"", ""error"": ""null"", ""outputs"": {""Position"": ""0"", ""Results"": """"}}"
50d9f359-d90c-4076-91b2-6869260cf858,SingleTask,2,EXECUTE,2026-03-09T17:17:26.242+01:00,"{""Position"": ""0"", ""Results"": """"}",,0,"{""id"": ""50d9f359-d90c-4076-91b2-6869260cf858"", ""status"": ""COMPLETE"", ""error"": ""null"", ""outputs"": {""Position"": ""0"", ""Results"": """"}}"
50d9f359-d90c-4076-91b2-6869260cf858,SingleTask,3,COMPLETE,2026-03-09T17:17:27.248+01:00,"{""Position"": ""0"", ""Results"": """"}",,0,"{""id"": ""50d9f359-d90c-4076-91b2-6869260cf858"", ""status"": ""COMPLETE"", ""error"": ""null"", ""outputs"": {""Position"": ""0"", ""Results"": """"}}"
49c7b529-36cc-4782-86a1-54612578c729,SingleDeviceAction,1,PENDING,2026-03-09T17:17:27.263+01:00,"{""Position"": ""0"", ""Results"": ""Success""}",Success,0,"{""id"": ""49c7b529-36cc-4782-86a1-54612578c729"", ""status"": ""COMPLETE"", ""error"": ""null"", ""outputs"": {""Position"": ""0"", ""Results"": ""Success""}}"
49c7b529-36cc-4782-86a1-54612578c729,SingleDeviceAction,2,EXECUTE,2026-03-09T17:17:28.272+01:00,"{""Position"": ""0"", ""Results"": ""Success""}",Success,0,"{""id"": ""49c7b529-36cc-4782-86a1-54612578c729"", ""status"": ""COMPLETE"", ""error"": ""null"", ""outputs"": {""Position"": ""0"", ""Results"": ""Success""}}"
49c7b529-36cc-4782-86a1-54612578c729,SingleDeviceAction,3,COMPLETE,2026-03-09T17:17:29.278+01:00,"{""Position"": ""0"", ""Results"": ""Success""}",Success,0,"{""id"": ""49c7b529-36cc-4782-86a1-54612578c729"", ""status"": ""COMPLETE"", ""error"": ""null"", ""outputs"": {""Position"": ""0"", ""Results"": ""Success""}}"
e0b0516a-57f8-4758-94ee-89d68b63d205,SingleTask,1,PENDING,2026-03-09T17:17:29.289+01:00,"{""Position"": ""0"", ""Results"": """"}",,0,"{""id"": ""e0b0516a-57f8-4758-94ee-89d68b63d205"", ""status"": ""COMPLETE"", ""error"": ""null"", ""outputs"": {""Position"": ""0"", ""Results"": """"}}"
e0b0516a-57f8-4758-94ee-89d68b63d205,SingleTask,2,EXECUTE,2026-03-09T17:17:30.295+01:00,"{""Position"": ""0"", ""Results"": """"}",,0,"{""id"": ""e0b0516a-57f8-4758-94ee-89d68b63d205"", ""status"": ""COMPLETE"", ""error"": ""null"", ""outputs"": {""Position"": ""0"", ""Results"": """"}}"
e0b0516a-57f8-4758-94ee-89d68b63d205,SingleTask,3,COMPLETE,2026-03-09T17:17:32.309+01:00,"{""Position"": ""0"", ""Results"": """"}",,0,"{""id"": ""e0b0516a-57f8-4758-94ee-89d68b63d205"", ""status"": ""COMPLETE"", ""error"": ""null"", ""outputs"": {""Position"": ""0"", ""Results"": """"}}"
be74f9be-12fb-4f16-922f-5e64c0d16185,SingleTask,1,EXECUTE,2026-03-09T17:17:33.340+01:00,"{""Position"": ""0"", ""Results"": """"}",,0,"{""id"": ""be74f9be-12fb-4f16-922f-5e64c0d16185"", ""status"": ""COMPLETE"", ""error"": ""null"", ""outputs"": {""Position"": ""0"", ""Results"": """"}}"
be74f9be-12fb-4f16-922f-5e64c0d16185,SingleTask,2,COMPLETE,2026-03-09T17:17:35.354+01:00,"{""Position"": ""0"", ""Results"": """"}",,0,"{""id"": ""be74f9be-12fb-4f16-922f-5e64c0d16185"", ""status"": ""COMPLETE"", ""error"": ""null"", ""outputs"": {""Position"": ""0"", ""Results"": """"}}"
9a474b35-0788-40a3-968d-d9a1991c12ba,SingleDeviceAction,1,PENDING,2026-03-09T17:17:35.370+01:00,"{""Position"": ""0"", ""Results"": ""Success""}",Success,0,"{""id"": ""9a474b35-0788-40a3-968d-d9a1991c12ba"", ""status"": ""COMPLETE"", ""error"": ""null"", ""outputs"": {""Position"": ""0"", ""Results"": ""Success""}}"
9a474b35-0788-40a3-968d-d9a1991c12ba,SingleDeviceAction,2,EXECUTE,2026-03-09T17:17:36.377+01:00,"{""Position"": ""0"", ""Results"": ""Success""}",Success,0,"{""id"": ""9a474b35-0788-40a3-968d-d9a1991c12ba"", ""status"": ""COMPLETE"", ""error"": ""null"", ""outputs"": {""Position"": ""0"", ""Results"": ""Success""}}"
9a474b35-0788-40a3-968d-d9a1991c12ba,SingleDeviceAction,3,COMPLETE,2026-03-09T17:17:38.387+01:00,"{""Position"": ""0"", ""Results"": ""Success""}",Success,0,"{""id"": ""9a474b35-0788-40a3-968d-d9a1991c12ba"", ""status"": ""COMPLETE"", ""error"": ""null"", ""outputs"": {""Position"": ""0"", ""Results"": ""Success""}}"
122afb41-2a0a-4009-b98c-91808e7a643a,SingleTask,1,PENDING,2026-03-09T17:17:38.396+01:00,"{""Position"": ""0"", ""Results"": """"}",,0,"{""id"": ""122afb41-2a0a-4009-b98c-91808e7a643a"", ""status"": ""COMPLETE"", ""error"": ""null"", ""outputs"": {""Position"": ""0"", ""Results"": """"}}"
122afb41-2a0a-4009-b98c-91808e7a643a,SingleTask,2,EXECUTE,2026-03-09T17:17:39.402+01:00,"{""Position"": ""0"", ""Results"": """"}",,0,"{""id"": ""122afb41-2a0a-4009-b98c-91808e7a643a"", ""status"": ""COMPLETE"", ""error"": ""null"", ""outputs"": {""Position"": ""0"", ""Results"": """"}}"
122afb41-2a0a-4009-b98c-91808e7a643a,SingleTask,3,COMPLETE,2026-03-09T17:17:40.409+01:00,"{""Position"": ""0"", ""Results"": """"}",,0,"{""id"": ""122afb41-2a0a-4009-b98c-91808e7a643a"", ""status"": ""COMPLETE"", ""error"": ""null"", ""outputs"": {""Position"": ""0"", ""Results"": """"}}"
d6265e3b-caf8-4c0f-8bf0-904484778170,SingleTask,1,PENDING,2026-03-09T17:17:40.422+01:00,"{""Position"": ""0"", ""Results"": """"}",,0,"{""id"": ""d6265e3b-caf8-4c0f-8bf0-904484778170"", ""status"": ""COMPLETE"", ""error"": ""null"", ""outputs"": {""Position"": ""0"", ""Results"": """"}}"
d6265e3b-caf8-4c0f-8bf0-904484778170,SingleTask,2,EXECUTE,2026-03-09T17:17:41.428+01:00,"{""Position"": ""0"", ""Results"": """"}",,0,"{""id"": ""d6265e3b-caf8-4c0f-8bf0-904484778170"", ""status"": ""COMPLETE"", ""error"": ""null"", ""outputs"": {""Position"": ""0"", ""Results"": """"}}"
d6265e3b-caf8-4c0f-8bf0-904484778170,SingleTask,3,COMPLETE,2026-03-09T17:17:43.441+01:00,"{""Position"": ""0"", ""Results"": """"}",,0,"{""id"": ""d6265e3b-caf8-4c0f-8bf0-904484778170"", ""status"": ""COMPLETE"", ""error"": ""null"", ""outputs"": {""Position"": ""0"", ""Results"": """"}}"
4e0f5860-9524-442c-978e-ea4adae5ce05,SingleDeviceAction,1,PENDING,2026-03-09T17:17:43.454+01:00,"{""Position"": ""0"", ""Results"": ""Success""}",Success,0,"{""id"": ""4e0f5860-9524-442c-978e-ea4adae5ce05"", ""status"": ""COMPLETE"", ""error"": ""null"", ""outputs"": {""Position"": ""0"", ""Results"": ""Success""}}"
4e0f5860-9524-442c-978e-ea4adae5ce05,SingleDeviceAction,2,EXECUTE,2026-03-09T17:17:44.458+01:00,"{""Position"": ""0"", ""Results"": ""Success""}",Success,0,"{""id"": ""4e0f5860-9524-442c-978e-ea4adae5ce05"", ""status"": ""COMPLETE"", ""error"": ""null"", ""outputs"": {""Position"": ""0"", ""Results"": ""Success""}}"
4e0f5860-9524-442c-978e-ea4adae5ce05,SingleDeviceAction,3,COMPLETE,2026-03-09T17:17:45.465+01:00,"{""Position"": ""0"", ""Results"": ""Success""}",Success,0,"{""id"": ""4e0f5860-9524-442c-978e-ea4adae5ce05"", ""status"": ""COMPLETE"", ""error"": ""null"", ""outputs"": {""Position"": ""0"", ""Results"": ""Success""}}"
d906f739-15c7-4f45-9a88-178911cb25f8,SingleTask,1,PENDING,2026-03-09T17:17:45.475+01:00,"{""Position"": ""0"", ""Results"": """"}",,0,"{""id"": ""d906f739-15c7-4f45-9a88-178911cb25f8"", ""status"": ""COMPLETE"", ""error"": ""null"", ""outputs"": {""Position"": ""0"", ""Results"": """"}}"
d906f739-15c7-4f45-9a88-178911cb25f8,SingleTask,2,EXECUTE,2026-03-09T17:17:46.481+01:00,"{""Position"": ""0"", ""Results"": """"}",,0,"{""id"": ""d906f739-15c7-4f45-9a88-178911cb25f8"", ""status"": ""COMPLETE"", ""error"": ""null"", ""outputs"": {""Position"": ""0"", ""Results"": """"}}"
d906f739-15c7-4f45-9a88-178911cb25f8,SingleTask,3,COMPLETE,2026-03-09T17:17:48.493+01:00,"{""Position"": ""0"", ""Results"": """"}",,0,"{""id"": ""d906f739-15c7-4f45-9a88-178911cb25f8"", ""status"": ""COMPLETE"", ""error"": ""null"", ""outputs"": {""Position"": ""0"", ""Results"": """"}}"
8a66518f-e8e0-4207-b11e-3dc7617ee809,SingleTask,1,PENDING,2026-03-09T17:17:48.504+01:00,"{""Position"": ""0"", ""Results"": """"}",,0,"{""id"": ""8a66518f-e8e0-4207-b11e-3dc7617ee809"", ""status"": ""COMPLETE"", ""error"": ""null"", ""outputs"": {""Position"": ""0"", ""Results"": """"}}"
8a66518f-e8e0-4207-b11e-3dc7617ee809,SingleTask,2,EXECUTE,2026-03-09T17:17:49.508+01:00,"{""Position"": ""0"", ""Results"": """"}",,0,"{""id"": ""8a66518f-e8e0-4207-b11e-3dc7617ee809"", ""status"": ""COMPLETE"", ""error"": ""null"", ""outputs"": {""Position"": ""0"", ""Results"": """"}}"
8a66518f-e8e0-4207-b11e-3dc7617ee809,SingleTask,3,COMPLETE,2026-03-09T17:17:51.522+01:00,"{""Position"": ""0"", ""Results"": """"}",,0,"{""id"": ""8a66518f-e8e0-4207-b11e-3dc7617ee809"", ""status"": ""COMPLETE"", ""error"": ""null"", ""outputs"": {""Position"": ""0"", ""Results"": """"}}"
f5f34bbd-46dd-4bc3-b715-0d792bb8745f,SingleDeviceAction,1,PENDING,2026-03-09T17:17:51.537+01:00,"{""Position"": ""0"", ""Results"": ""Success""}",Success,0,"{""id"": ""f5f34bbd-46dd-4bc3-b715-0d792bb8745f"", ""status"": ""COMPLETE"", ""error"": ""null"", ""outputs"": {""Position"": ""0"", ""Results"": ""Success""}}"
f5f34bbd-46dd-4bc3-b715-0d792bb8745f,SingleDeviceAction,2,EXECUTE,2026-03-09T17:17:52.543+01:00,"{""Position"": ""0"", ""Results"": ""Success""}",Success,0,"{""id"": ""f5f34bbd-46dd-4bc3-b715-0d792bb8745f"", ""status"": ""COMPLETE"", ""error"": ""null"", ""outputs"": {""Position"": ""0"", ""Results"": ""Success""}}"
f5f34bbd-46dd-4bc3-b715-0d792bb8745f,SingleDeviceAction,3,COMPLETE,2026-03-09T17:17:54.556+01:00,"{""Position"": ""0"", ""Results"": ""Success""}",Success,0,"{""id"": ""f5f34bbd-46dd-4bc3-b715-0d792bb8745f"", ""status"": ""COMPLETE"", ""error"": ""null"", ""outputs"": {""Position"": ""0"", ""Results"": ""Success""}}"
54385dfe-566e-4f45-bf58-f9c8030c2130,SingleDeviceAction,1,PENDING,2026-03-09T17:17:54.566+01:00,"{""Position"": ""0"", ""Results"": """"}",,0,"{""id"": ""54385dfe-566e-4f45-bf58-f9c8030c2130"", ""status"": ""COMPLETE"", ""error"": ""null"", ""outputs"": {""Position"": ""0"", ""Results"": """"}}"
54385dfe-566e-4f45-bf58-f9c8030c2130,SingleDeviceAction,2,EXECUTE,2026-03-09T17:17:55.573+01:00,"{""Position"": ""0"", ""Results"": """"}",,0,"{""id"": ""54385dfe-566e-4f45-bf58-f9c8030c2130"", ""status"": ""COMPLETE"", ""error"": ""null"", ""outputs"": {""Position"": ""0"", ""Results"": """"}}"
54385dfe-566e-4f45-bf58-f9c8030c2130,SingleDeviceAction,3,COMPLETE,2026-03-09T17:17:56.580+01:00,"{""Position"": ""0"", ""Results"": """"}",,0,"{""id"": ""54385dfe-566e-4f45-bf58-f9c8030c2130"", ""status"": ""COMPLETE"", ""error"": ""null"", ""outputs"": {""Position"": ""0"", ""Results"": """"}}"
0b7078ea-1163-41b7-8392-9c6675d6254d,SingleDeviceAction,1,PENDING,2026-03-10T10:49:30.868+01:00,"{""Position"": ""0"", ""Results"": ""p[0, 0, 0, 0, 0, 0]""}","p[0, 0, 0, 0, 0, 0]",0,"{""id"": ""0b7078ea-1163-41b7-8392-9c6675d6254d"", ""status"": ""COMPLETE"", ""error"": ""null"", ""outputs"": {""Position"": ""0"", ""Results"": ""p[0, 0, 0, 0, 0, 0]""}}"
0b7078ea-1163-41b7-8392-9c6675d6254d,SingleDeviceAction,2,EXECUTE,2026-03-10T10:50:44.249+01:00,"{""Position"": ""0"", ""Results"": ""p[0, 0, 0, 0, 0, 0]""}","p[0, 0, 0, 0, 0, 0]",0,"{""id"": ""0b7078ea-1163-41b7-8392-9c6675d6254d"", ""status"": ""COMPLETE"", ""error"": ""null"", ""outputs"": {""Position"": ""0"", ""Results"": ""p[0, 0, 0, 0, 0, 0]""}}"
0b7078ea-1163-41b7-8392-9c6675d6254d,SingleDeviceAction,3,COMPLETE,2026-03-10T10:50:46.263+01:00,"{""Position"": ""0"", ""Results"": ""p[0, 0, 0, 0, 0, 0]""}","p[0, 0, 0, 0, 0, 0]",0,"{""id"": ""0b7078ea-1163-41b7-8392-9c6675d6254d"", ""status"": ""COMPLETE"", ""error"": ""null"", ""outputs"": {""Position"": ""0"", ""Results"": ""p[0, 0, 0, 0, 0, 0]""}}"
46b8db73-1f20-435f-836b-3b7dc123482c,SingleDeviceAction,1,PENDING,2026-03-10T10:50:46.275+01:00,"{""Position"": ""0"", ""Results"": """"}",,0,"{""id"": ""46b8db73-1f20-435f-836b-3b7dc123482c"", ""status"": ""COMPLETE"", ""error"": ""null"", ""outputs"": {""Position"": ""0"", ""Results"": """"}}"
46b8db73-1f20-435f-836b-3b7dc123482c,SingleDeviceAction,2,EXECUTE,2026-03-10T10:50:47.284+01:00,"{""Position"": ""0"", ""Results"": """"}",,0,"{""id"": ""46b8db73-1f20-435f-836b-3b7dc123482c"", ""status"": ""COMPLETE"", ""error"": ""null"", ""outputs"": {""Position"": ""0"", ""Results"": """"}}"
46b8db73-1f20-435f-836b-3b7dc123482c,SingleDeviceAction,3,COMPLETE,2026-03-10T10:50:48.293+01:00,"{""Position"": ""0"", ""Results"": """"}",,0,"{""id"": ""46b8db73-1f20-435f-836b-3b7dc123482c"", ""status"": ""COMPLETE"", ""error"": ""null"", ""outputs"": {""Position"": ""0"", ""Results"": """"}}"
fd995742-5256-48de-a302-9ff3627cfea8,SingleDeviceAction,1,PENDING,2026-03-10T10:50:48.314+01:00,"{""Position"": ""0"", ""Results"": ""Success""}",Success,0,"{""id"": ""fd995742-5256-48de-a302-9ff3627cfea8"", ""status"": ""COMPLETE"", ""error"": ""null"", ""outputs"": {""Position"": ""0"", ""Results"": ""Success""}}"
fd995742-5256-48de-a302-9ff3627cfea8,SingleDeviceAction,2,EXECUTE,2026-03-10T10:50:49.322+01:00,"{""Position"": ""0"", ""Results"": ""Success""}",Success,0,"{""id"": ""fd995742-5256-48de-a302-9ff3627cfea8"", ""status"": ""COMPLETE"", ""error"": ""null"", ""outputs"": {""Position"": ""0"", ""Results"": ""Success""}}"
fd995742-5256-48de-a302-9ff3627cfea8,SingleDeviceAction,3,COMPLETE,2026-03-10T10:50:51.339+01:00,"{""Position"": ""0"", ""Results"": ""Success""}",Success,0,"{""id"": ""fd995742-5256-48de-a302-9ff3627cfea8"", ""status"": ""COMPLETE"", ""error"": ""null"", ""outputs"": {""Position"": ""0"", ""Results"": ""Success""}}"
7b054cbf-8809-4e57-99ec-a1f60049fc08,SingleTask,1,PENDING,2026-03-10T10:50:51.351+01:00,"{""Position"": ""0"", ""Results"": """"}",,0,"{""id"": ""7b054cbf-8809-4e57-99ec-a1f60049fc08"", ""status"": ""COMPLETE"", ""error"": ""null"", ""outputs"": {""Position"": ""0"", ""Results"": """"}}"
7b054cbf-8809-4e57-99ec-a1f60049fc08,SingleTask,2,EXECUTE,2026-03-10T10:50:52.358+01:00,"{""Position"": ""0"", ""Results"": """"}",,0,"{""id"": ""7b054cbf-8809-4e57-99ec-a1f60049fc08"", ""status"": ""COMPLETE"", ""error"": ""null"", ""outputs"": {""Position"": ""0"", ""Results"": """"}}"
7b054cbf-8809-4e57-99ec-a1f60049fc08,SingleTask,3,COMPLETE,2026-03-10T10:50:53.364+01:00,"{""Position"": ""0"", ""Results"": """"}",,0,"{""id"": ""7b054cbf-8809-4e57-99ec-a1f60049fc08"", ""status"": ""COMPLETE"", ""error"": ""null"", ""outputs"": {""Position"": ""0"", ""Results"": """"}}"
695979ea-3468-4f9b-a30b-4bf624eaff70,SingleTask,1,PENDING,2026-03-10T10:50:53.373+01:00,"{""Position"": ""0"", ""Results"": """"}",,0,"{""id"": ""695979ea-3468-4f9b-a30b-4bf624eaff70"", ""status"": ""COMPLETE"", ""error"": ""null"", ""outputs"": {""Position"": ""0"", ""Results"": """"}}"
695979ea-3468-4f9b-a30b-4bf624eaff70,SingleTask,2,EXECUTE,2026-03-10T10:50:54.377+01:00,"{""Position"": ""0"", ""Results"": """"}",,0,"{""id"": ""695979ea-3468-4f9b-a30b-4bf624eaff70"", ""status"": ""COMPLETE"", ""error"": ""null"", ""outputs"": {""Position"": ""0"", ""Results"": """"}}"
695979ea-3468-4f9b-a30b-4bf624eaff70,SingleTask,3,COMPLETE,2026-03-10T10:50:56.387+01:00,"{""Position"": ""0"", ""Results"": """"}",,0,"{""id"": ""695979ea-3468-4f9b-a30b-4bf624eaff70"", ""status"": ""COMPLETE"", ""error"": ""null"", ""outputs"": {""Position"": ""0"", ""Results"": """"}}"
dd862290-6ac9-4073-b2d1-1fa3f186c6ae,SingleDeviceAction,1,PENDING,2026-03-10T10:50:56.401+01:00,"{""Position"": ""0"", ""Results"": ""Success""}",Success,0,"{""id"": ""dd862290-6ac9-4073-b2d1-1fa3f186c6ae"", ""status"": ""COMPLETE"", ""error"": ""null"", ""outputs"": {""Position"": ""0"", ""Results"": ""Success""}}"
dd862290-6ac9-4073-b2d1-1fa3f186c6ae,SingleDeviceAction,2,EXECUTE,2026-03-10T10:50:57.407+01:00,"{""Position"": ""0"", ""Results"": ""Success""}",Success,0,"{""id"": ""dd862290-6ac9-4073-b2d1-1fa3f186c6ae"", ""status"": ""COMPLETE"", ""error"": ""null"", ""outputs"": {""Position"": ""0"", ""Results"": ""Success""}}"
dd862290-6ac9-4073-b2d1-1fa3f186c6ae,SingleDeviceAction,3,COMPLETE,2026-03-10T10:50:58.415+01:00,"{""Position"": ""0"", ""Results"": ""Success""}",Success,0,"{""id"": ""dd862290-6ac9-4073-b2d1-1fa3f186c6ae"", ""status"": ""COMPLETE"", ""error"": ""null"", ""outputs"": {""Position"": ""0"", ""Results"": ""Success""}}"
d11725cc-6b89-4a00-b624-d8318aa89717,SingleTask,1,PENDING,2026-03-10T10:50:58.427+01:00,"{""Position"": ""0"", ""Results"": """"}",,0,"{""id"": ""d11725cc-6b89-4a00-b624-d8318aa89717"", ""status"": ""COMPLETE"", ""error"": ""null"", ""outputs"": {""Position"": ""0"", ""Results"": """"}}"
d11725cc-6b89-4a00-b624-d8318aa89717,SingleTask,2,EXECUTE,2026-03-10T10:50:59.432+01:00,"{""Position"": ""0"", ""Results"": """"}",,0,"{""id"": ""d11725cc-6b89-4a00-b624-d8318aa89717"", ""status"": ""COMPLETE"", ""error"": ""null"", ""outputs"": {""Position"": ""0"", ""Results"": """"}}"
d11725cc-6b89-4a00-b624-d8318aa89717,SingleTask,3,COMPLETE,2026-03-10T10:51:01.441+01:00,"{""Position"": ""0"", ""Results"": """"}",,0,"{""id"": ""d11725cc-6b89-4a00-b624-d8318aa89717"", ""status"": ""COMPLETE"", ""error"": ""null"", ""outputs"": {""Position"": ""0"", ""Results"": """"}}"
f56bd0fc-be6d-42be-afa2-f760e16a1c95,SingleTask,1,PENDING,2026-03-10T10:51:01.447+01:00,"{""Position"": ""0"", ""Results"": """"}",,0,"{""id"": ""f56bd0fc-be6d-42be-afa2-f760e16a1c95"", ""status"": ""COMPLETE"", ""error"": ""null"", ""outputs"": {""Position"": ""0"", ""Results"": """"}}"
f56bd0fc-be6d-42be-afa2-f760e16a1c95,SingleTask,2,EXECUTE,2026-03-10T10:51:02.452+01:00,"{""Position"": ""0"", ""Results"": """"}",,0,"{""id"": ""f56bd0fc-be6d-42be-afa2-f760e16a1c95"", ""status"": ""COMPLETE"", ""error"": ""null"", ""outputs"": {""Position"": ""0"", ""Results"": """"}}"
f56bd0fc-be6d-42be-afa2-f760e16a1c95,SingleTask,3,COMPLETE,2026-03-10T10:51:03.456+01:00,"{""Position"": ""0"", ""Results"": """"}",,0,"{""id"": ""f56bd0fc-be6d-42be-afa2-f760e16a1c95"", ""status"": ""COMPLETE"", ""error"": ""null"", ""outputs"": {""Position"": ""0"", ""Results"": """"}}"
a2ed6964-74b7-4866-a460-89156580aed2,SingleDeviceAction,1,PENDING,2026-03-10T10:51:03.467+01:00,"{""Position"": ""0"", ""Results"": ""Success""}",Success,0,"{""id"": ""a2ed6964-74b7-4866-a460-89156580aed2"", ""status"": ""COMPLETE"", ""error"": ""null"", ""outputs"": {""Position"": ""0"", ""Results"": ""Success""}}"
a2ed6964-74b7-4866-a460-89156580aed2,SingleDeviceAction,2,EXECUTE,2026-03-10T10:51:04.471+01:00,"{""Position"": ""0"", ""Results"": ""Success""}",Success,0,"{""id"": ""a2ed6964-74b7-4866-a460-89156580aed2"", ""status"": ""COMPLETE"", ""error"": ""null"", ""outputs"": {""Position"": ""0"", ""Results"": ""Success""}}"
a2ed6964-74b7-4866-a460-89156580aed2,SingleDeviceAction,3,COMPLETE,2026-03-10T10:51:05.476+01:00,"{""Position"": ""0"", ""Results"": ""Success""}",Success,0,"{""id"": ""a2ed6964-74b7-4866-a460-89156580aed2"", ""status"": ""COMPLETE"", ""error"": ""null"", ""outputs"": {""Position"": ""0"", ""Results"": ""Success""}}"
edf1996a-fc8c-48ea-b611-65be3d74cb07,SingleTask,1,PENDING,2026-03-10T10:51:05.484+01:00,"{""Position"": ""0"", ""Results"": """"}",,0,"{""id"": ""edf1996a-fc8c-48ea-b611-65be3d74cb07"", ""status"": ""COMPLETE"", ""error"": ""null"", ""outputs"": {""Position"": ""0"", ""Results"": """"}}"
edf1996a-fc8c-48ea-b611-65be3d74cb07,SingleTask,2,EXECUTE,2026-03-10T10:51:06.488+01:00,"{""Position"": ""0"", ""Results"": """"}",,0,"{""id"": ""edf1996a-fc8c-48ea-b611-65be3d74cb07"", ""status"": ""COMPLETE"", ""error"": ""null"", ""outputs"": {""Position"": ""0"", ""Results"": """"}}"
edf1996a-fc8c-48ea-b611-65be3d74cb07,SingleTask,3,COMPLETE,2026-03-10T10:51:08.497+01:00,"{""Position"": ""0"", ""Results"": """"}",,0,"{""id"": ""edf1996a-fc8c-48ea-b611-65be3d74cb07"", ""status"": ""COMPLETE"", ""error"": ""null"", ""outputs"": {""Position"": ""0"", ""Results"": """"}}"
29f0994d-bf08-479a-b1c2-f41c92bfbcd4,SingleTask,1,PENDING,2026-03-10T10:51:08.505+01:00,"{""Position"": ""0"", ""Results"": """"}",,0,"{""id"": ""29f0994d-bf08-479a-b1c2-f41c92bfbcd4"", ""status"": ""COMPLETE"", ""error"": ""null"", ""outputs"": {""Position"": ""0"", ""Results"": """"}}"
29f0994d-bf08-479a-b1c2-f41c92bfbcd4,SingleTask,2,EXECUTE,2026-03-10T10:51:09.508+01:00,"{""Position"": ""0"", ""Results"": """"}",,0,"{""id"": ""29f0994d-bf08-479a-b1c2-f41c92bfbcd4"", ""status"": ""COMPLETE"", ""error"": ""null"", ""outputs"": {""Position"": ""0"", ""Results"": """"}}"
29f0994d-bf08-479a-b1c2-f41c92bfbcd4,SingleTask,3,COMPLETE,2026-03-10T10:51:11.517+01:00,"{""Position"": ""0"", ""Results"": """"}",,0,"{""id"": ""29f0994d-bf08-479a-b1c2-f41c92bfbcd4"", ""status"": ""COMPLETE"", ""error"": ""null"", ""outputs"": {""Position"": ""0"", ""Results"": """"}}"
79d4722d-2a4c-48a3-b926-51c965dfb155,SingleDeviceAction,1,EXECUTE,2026-03-10T10:51:12.537+01:00,"{""Position"": ""0"", ""Results"": ""Success""}",Success,0,"{""id"": ""79d4722d-2a4c-48a3-b926-51c965dfb155"", ""status"": ""COMPLETE"", ""error"": ""null"", ""outputs"": {""Position"": ""0"", ""Results"": ""Success""}}"
79d4722d-2a4c-48a3-b926-51c965dfb155,SingleDeviceAction,2,COMPLETE,2026-03-10T10:51:13.562+01:00,"{""Position"": ""0"", ""Results"": ""Success""}",Success,0,"{""id"": ""79d4722d-2a4c-48a3-b926-51c965dfb155"", ""status"": ""COMPLETE"", ""error"": ""null"", ""outputs"": {""Position"": ""0"", ""Results"": ""Success""}}"
f5d65fa4-38d4-4a88-b79a-8211c72a1971,SingleTask,1,PENDING,2026-03-10T10:51:13.572+01:00,"{""Position"": ""0"", ""Results"": """"}",,0,"{""id"": ""f5d65fa4-38d4-4a88-b79a-8211c72a1971"", ""status"": ""COMPLETE"", ""error"": ""null"", ""outputs"": {""Position"": ""0"", ""Results"": """"}}"
f5d65fa4-38d4-4a88-b79a-8211c72a1971,SingleTask,2,EXECUTE,2026-03-10T10:51:14.576+01:00,"{""Position"": ""0"", ""Results"": """"}",,0,"{""id"": ""f5d65fa4-38d4-4a88-b79a-8211c72a1971"", ""status"": ""COMPLETE"", ""error"": ""null"", ""outputs"": {""Position"": ""0"", ""Results"": """"}}"
f5d65fa4-38d4-4a88-b79a-8211c72a1971,SingleTask,3,COMPLETE,2026-03-10T10:51:15.581+01:00,"{""Position"": ""0"", ""Results"": """"}",,0,"{""id"": ""f5d65fa4-38d4-4a88-b79a-8211c72a1971"", ""status"": ""COMPLETE"", ""error"": ""null"", ""outputs"": {""Position"": ""0"", ""Results"": """"}}"
285b5ee3-acf7-4cbe-8e55-54ff108a0071,SingleTask,1,PENDING,2026-03-10T10:51:15.588+01:00,"{""Position"": ""0"", ""Results"": """"}",,0,"{""id"": ""285b5ee3-acf7-4cbe-8e55-54ff108a0071"", ""status"": ""COMPLETE"", ""error"": ""null"", ""outputs"": {""Position"": ""0"", ""Results"": """"}}"
285b5ee3-acf7-4cbe-8e55-54ff108a0071,SingleTask,2,EXECUTE,2026-03-10T10:51:16.594+01:00,"{""Position"": ""0"", ""Results"": """"}",,0,"{""id"": ""285b5ee3-acf7-4cbe-8e55-54ff108a0071"", ""status"": ""COMPLETE"", ""error"": ""null"", ""outputs"": {""Position"": ""0"", ""Results"": """"}}"
285b5ee3-acf7-4cbe-8e55-54ff108a0071,SingleTask,3,COMPLETE,2026-03-10T10:51:18.602+01:00,"{""Position"": ""0"", ""Results"": """"}",,0,"{""id"": ""285b5ee3-acf7-4cbe-8e55-54ff108a0071"", ""status"": ""COMPLETE"", ""error"": ""null"", ""outputs"": {""Position"": ""0"", ""Results"": """"}}"
0cf06c74-eab3-499a-a226-164eb9db0f37,SingleDeviceAction,1,PENDING,2026-03-10T10:51:18.608+01:00,"{""Position"": ""0"", ""Results"": ""Success""}",Success,0,"{""id"": ""0cf06c74-eab3-499a-a226-164eb9db0f37"", ""status"": ""COMPLETE"", ""error"": ""null"", ""outputs"": {""Position"": ""0"", ""Results"": ""Success""}}"
0cf06c74-eab3-499a-a226-164eb9db0f37,SingleDeviceAction,2,EXECUTE,2026-03-10T10:51:19.613+01:00,"{""Position"": ""0"", ""Results"": ""Success""}",Success,0,"{""id"": ""0cf06c74-eab3-499a-a226-164eb9db0f37"", ""status"": ""COMPLETE"", ""error"": ""null"", ""outputs"": {""Position"": ""0"", ""Results"": ""Success""}}"
0cf06c74-eab3-499a-a226-164eb9db0f37,SingleDeviceAction,3,COMPLETE,2026-03-10T10:51:20.617+01:00,"{""Position"": ""0"", ""Results"": ""Success""}",Success,0,"{""id"": ""0cf06c74-eab3-499a-a226-164eb9db0f37"", ""status"": ""COMPLETE"", ""error"": ""null"", ""outputs"": {""Position"": ""0"", ""Results"": ""Success""}}"
4cd4a44b-d78b-4a3a-ba2c-a1036fa466f4,SingleTask,1,PENDING,2026-03-10T10:51:20.623+01:00,"{""Position"": ""0"", ""Results"": """"}",,0,"{""id"": ""4cd4a44b-d78b-4a3a-ba2c-a1036fa466f4"", ""status"": ""COMPLETE"", ""error"": ""null"", ""outputs"": {""Position"": ""0"", ""Results"": """"}}"
4cd4a44b-d78b-4a3a-ba2c-a1036fa466f4,SingleTask,2,EXECUTE,2026-03-10T10:51:21.628+01:00,"{""Position"": ""0"", ""Results"": """"}",,0,"{""id"": ""4cd4a44b-d78b-4a3a-ba2c-a1036fa466f4"", ""status"": ""COMPLETE"", ""error"": ""null"", ""outputs"": {""Position"": ""0"", ""Results"": """"}}"
4cd4a44b-d78b-4a3a-ba2c-a1036fa466f4,SingleTask,3,COMPLETE,2026-03-10T10:51:22.631+01:00,"{""Position"": ""0"", ""Results"": """"}",,0,"{""id"": ""4cd4a44b-d78b-4a3a-ba2c-a1036fa466f4"", ""status"": ""COMPLETE"", ""error"": ""null"", ""outputs"": {""Position"": ""0"", ""Results"": """"}}"
cdbf2341-4b3c-4900-a3b2-d5d090fd72bc,SingleTask,1,PENDING,2026-03-10T10:51:22.639+01:00,"{""Position"": ""0"", ""Results"": """"}",,0,"{""id"": ""cdbf2341-4b3c-4900-a3b2-d5d090fd72bc"", ""status"": ""COMPLETE"", ""error"": ""null"", ""outputs"": {""Position"": ""0"", ""Results"": """"}}"
cdbf2341-4b3c-4900-a3b2-d5d090fd72bc,SingleTask,2,EXECUTE,2026-03-10T10:51:23.643+01:00,"{""Position"": ""0"", ""Results"": """"}",,0,"{""id"": ""cdbf2341-4b3c-4900-a3b2-d5d090fd72bc"", ""status"": ""COMPLETE"", ""error"": ""null"", ""outputs"": {""Position"": ""0"", ""Results"": """"}}"
cdbf2341-4b3c-4900-a3b2-d5d090fd72bc,SingleTask,3,COMPLETE,2026-03-10T10:51:24.648+01:00,"{""Position"": ""0"", ""Results"": """"}",,0,"{""id"": ""cdbf2341-4b3c-4900-a3b2-d5d090fd72bc"", ""status"": ""COMPLETE"", ""error"": ""null"", ""outputs"": {""Position"": ""0"", ""Results"": """"}}"
e382b7a5-faeb-4ba9-aafc-fdc9ff5d8e08,SingleTask,1,PENDING,2026-03-10T10:51:24.657+01:00,"{""Position"": ""0"", ""Results"": """"}",,0,"{""id"": ""e382b7a5-faeb-4ba9-aafc-fdc9ff5d8e08"", ""status"": ""COMPLETE"", ""error"": ""null"", ""outputs"": {""Position"": ""0"", ""Results"": """"}}"
e382b7a5-faeb-4ba9-aafc-fdc9ff5d8e08,SingleTask,2,EXECUTE,2026-03-10T10:51:25.662+01:00,"{""Position"": ""0"", ""Results"": """"}",,0,"{""id"": ""e382b7a5-faeb-4ba9-aafc-fdc9ff5d8e08"", ""status"": ""COMPLETE"", ""error"": ""null"", ""outputs"": {""Position"": ""0"", ""Results"": """"}}"
e382b7a5-faeb-4ba9-aafc-fdc9ff5d8e08,SingleTask,3,COMPLETE,2026-03-10T10:51:26.665+01:00,"{""Position"": ""0"", ""Results"": """"}",,0,"{""id"": ""e382b7a5-faeb-4ba9-aafc-fdc9ff5d8e08"", ""status"": ""COMPLETE"", ""error"": ""null"", ""outputs"": {""Position"": ""0"", ""Results"": """"}}"
c086db3d-8f4e-466b-8248-08321052f937,SingleTask,1,PENDING,2026-03-10T10:51:26.673+01:00,"{""Position"": ""0"", ""Results"": """"}",,0,"{""id"": ""c086db3d-8f4e-466b-8248-08321052f937"", ""status"": ""COMPLETE"", ""error"": ""null"", ""outputs"": {""Position"": ""0"", ""Results"": """"}}"
c086db3d-8f4e-466b-8248-08321052f937,SingleTask,2,EXECUTE,2026-03-10T10:51:27.677+01:00,"{""Position"": ""0"", ""Results"": """"}",,0,"{""id"": ""c086db3d-8f4e-466b-8248-08321052f937"", ""status"": ""COMPLETE"", ""error"": ""null"", ""outputs"": {""Position"": ""0"", ""Results"": """"}}"
c086db3d-8f4e-466b-8248-08321052f937,SingleTask,3,COMPLETE,2026-03-10T10:51:29.685+01:00,"{""Position"": ""0"", ""Results"": """"}",,0,"{""id"": ""c086db3d-8f4e-466b-8248-08321052f937"", ""status"": ""COMPLETE"", ""error"": ""null"", ""outputs"": {""Position"": ""0"", ""Results"": """"}}"
